category,tag,username,tweetText,postTimeRaw,scrapeTime,year,month,day
р╕Шр╕гр╕гр╕бр╕ир╕▓р╕кр╕Хр╕гр╣М,#р╕Шр╕гр╕гр╕бр╕ир╕▓р╕кр╕Хр╕гр╣Мр╕Кр╣Йр╕▓р╕Зр╣Ар╕Ьр╕╖р╕нр╕Б,@Kt123123123123,. #р╕Шр╕гр╕гр╕бр╕ир╕▓р╕кр╕Хр╕гр╣Мр╕Кр╣Йр╕▓р╕Зр╣Ар╕Ьр╕╖р╕нр╕Б,2025-05-11 19:29:49,2025-05-15 07:50:46,2025,5,11
р╕Шр╕гр╕гр╕бр╕ир╕▓р╕кр╕Хр╕гр╣М,#р╕Шр╕гр╕гр╕бр╕ир╕▓р╕кр╕Хр╕гр╣Мр╕Кр╣Йр╕▓р╕Зр╣Ар╕Ьр╕╖р╕нр╕Б,@somuensojai,р╕Др╕зр╕▓р╕бр╕ар╕▓р╕Др╕ар╕╣р╕бр╕┤р╣Гр╕И!р╕Вр╕нр╕Зр╕Кр╕╡р╕зр╕┤р╕Хр╕Щр╕╡р╣Йр╕Хр╕нр╕Щр╕Щр╕╡р╣Йр╕ор╕┤р╣Лр╕Зр╕Зр╕З р╣Ар╕Фр╕░р╣Жр╕зр╣Ир╕▓р╕Зр╣Жр╕Чр╕│р╣Ар╕Шр╕гр╕Фр╕гр╕╡р╕зр╕┤р╕зр╕зр╕зр╕зр╕Щр╕░р╕Др╕▒р╕Ъ р╕кр╕│р╕лр╕гр╕▒р╕Ър╣Ар╕Фр╣Зр╕Б69р╕бр╕╡р╕нр╕▓р╣Др╕вр╕Цр╕▓р╕бр╣Др╕Фр╣Йр╣Ар╕Ър╕в!!! р╣Ар╕вр╣Й #р╕Шр╕гр╕гр╕бр╕ир╕▓р╕кр╕Хр╕гр╣Мр╕Кр╣Йр╕▓р╕Зр╣Ар╕Ьр╕╖р╕нр╕Б #dek68,2025-05-06 07:54:17,2025-05-15 07:50:46,2025,5,6
р╕Шр╕гр╕гр╕бр╕ир╕▓р╕кр╕Хр╕гр╣М,#р╕Шр╕гр╕гр╕бр╕ир╕▓р╕кр╕Хр╕гр╣Мр╕Кр╣Йр╕▓р╕Зр╣Ар╕Ьр╕╖р╕нр╕Б,@DEXCEM212,р╕лр╕▓р╣Ар╕Юр╕╖р╣Ир╕нр╕Щр╕Др╕▒р╣Йр╕Ър╕кр╕▓р╕Вр╕▓р╕Щр╕╡р╣Йр╕бр╕╡р╕бр╕▒р╣Йр╕в #dek68 #р╕бр╕Ш #р╕Шр╕гр╕гр╕бр╕ир╕▓р╕кр╕Хр╕гр╣Мр╕Кр╣Йр╕▓р╕Зр╣Ар╕Ьр╕╖р╕нр╕Б,2025-05-02 13:49:46,2025-05-15 07:50:47,2025,5,2
р╕Шр╕гр╕гр╕бр╕ир╕▓р╕кр╕Хр╕гр╣М,#р╕Шр╕гр╕гр╕бр╕ир╕▓р╕кр╕Хр╕гр╣Мр╕Кр╣Йр╕▓р╕Зр╣Ар╕Ьр╕╖р╕нр╕Б,@jaeminjenfffy,Finally р╕Хр╕┤р╕Фр╕бр╕Шр╣Бр╕ер╣Йр╕зр╕Щр╕░р╕Др╕░ #р╕Шр╕гр╕гр╕бр╕ир╕▓р╕кр╕Хр╕гр╣Мр╕Кр╣Йр╕▓р╕Зр╣Ар╕Ьр╕╖р╕нр╕Б #dek68 #р╕Чр╕╡р╕бр╕бр╕Ш,2025-05-02 02:40:31,2025-05-15 07:50:47,2025,5,2
р╕Шр╕гр╕гр╕бр╕ир╕▓р╕кр╕Хр╕гр╣М,#р╕Шр╕гр╕гр╕бр╕ир╕▓р╕кр╕Хр╕гр╣Мр╕Кр╣Йр╕▓р╕Зр╣Ар╕Ьр╕╖р╕нр╕Б,@mankheuthe,р╕вр╕┤р╕Щр╕Фр╕╡р╕Бр╕▒р╕Ър╕Щр╣Йр╕нр╕Зр╣Жр╕Чр╕╡р╣Ир╕Хр╕┤р╕Фр╕Кр╣Йр╕▓р╕Зр╣Ар╕Ьр╕╖р╕нр╕Бр╕Чр╕╕р╕Бр╕Др╕Щр╣Ар╕ер╕в #р╕Шр╕гр╕гр╕бр╕ир╕▓р╕кр╕Хр╕гр╣Мр╕Кр╣Йр╕▓р╕Зр╣Ар╕Ьр╕╖р╕нр╕Б,2025-05-01 16:33:41,2025-05-15 07:50:47,2025,5,1
р╕Шр╕гр╕гр╕бр╕ир╕▓р╕кр╕Хр╕гр╣М,#р╕Шр╕гр╕гр╕бр╕ир╕▓р╕кр╕Хр╕гр╣Мр╕Кр╣Йр╕▓р╕Зр╣Ар╕Ьр╕╖р╕нр╕Б,@green_thai04,I got it  #р╕Шр╕гр╕гр╕бр╕ир╕▓р╕кр╕Хр╕гр╣Мр╕Кр╣Йр╕▓р╕Зр╣Ар╕Ьр╕╖р╕нр╕Б #dek68 #TU91,2025-05-01 11:48:04,2025-05-15 07:50:47,2025,5,1
р╕Шр╕гр╕гр╕бр╕ир╕▓р╕кр╕Хр╕гр╣М,#р╕Шр╕гр╕гр╕бр╕ир╕▓р╕кр╕Хр╕гр╣Мр╕Кр╣Йр╕▓р╕Зр╣Ар╕Ьр╕╖р╕нр╕Б,@tatty07_5,"р╕вр╕▒р╕Зр╕Ир╕│р╕Др╕зр╕▓р╕бр╕гр╕╣р╣Йр╕кр╕╢р╕Бр╕Хр╕нр╕Щр╕вр╕╖р╣Ир╕Щ р╕кр╕▒р╕бр╕ар╕▓р╕йр╕Ур╣М р╣Ар╕вр╕╡р╣Ир╕вр╕бр╕Ър╣Йр╕▓р╕Щр╕Хр╕нр╕Щр╕гр╣Йр╕нр╕Зр╣Др╕лр╣Йр╣Ар╕Юр╕гр╕▓р╕░р╕Бр╕ер╕▒р╕зр╕Др╕Зр╕▓р╕бр╕Ьр╕┤р╕Фр╕лр╕зр╕▒р╕Зр╕лр╕гр╕╖р╕нр╣Ар╕Юр╕гр╕▓р╕░р╕Фр╕╡р╣Гр╕Ир╣Др╕Ыр╣Ар╕вр╕нр╕░р╕бр╕▓р╕Бр╣Жр╕зр╕▒р╕Щр╕Щр╕╡р╣Йр╕Чр╕│р╕кр╕│р╣Ар╕гр╣Зр╕Ир╣Бр╕ер╣Йр╕зр╕Хр╕▒р╣Йр╕Зр╕Хр╕▒р╕зр╣Др╕бр╣Ир╕Цр╕╣р╕Бр╣Ар╕ер╕в р╣Бр╕Хр╣Ир╕кр╕▒р╕Нр╕Нр╕▓р╕Бр╕▒р╕Ър╕Чр╕╕р╕Бр╕Др╕Щр╕Чр╕╡р╣Ир╕ар╕╣р╕бр╕┤р╣Гр╕Ир╣Гр╕Щр╕Хр╕▒р╕зр╣Ар╕гр╕▓р╣Др╕зр╣Йр╕зр╣Ир╕▓р╕Ир╕░р╕Чр╕│р╣Гр╕лр╣Йр╕Фр╕╡р╕Чр╕╡р╣Ир╕кр╕╕р╕Ф

#dek68 #р╕Шр╕гр╕гр╕бр╕ир╕▓р╕кр╕Хр╕гр╣Мр╕Кр╣Йр╕▓р╕Зр╣Ар╕Ьр╕╖р╕нр╕Б",2025-05-01 10:06:24,2025-05-15 07:50:47,2025,5,1
р╕Шр╕гр╕гр╕бр╕ир╕▓р╕кр╕Хр╕гр╣М,#р╕Шр╕гр╕гр╕бр╕ир╕▓р╕кр╕Хр╕гр╣Мр╕Кр╣Йр╕▓р╕Зр╣Ар╕Ьр╕╖р╕нр╕Б,@Sundayyyyyy18,р╕ар╕▓р╕Др╣Гр╕Хр╣Йр╕бр╕╡р╣Гр╕Др╕гр╣Вр╕Фр╕Щр╣Ар╕вр╕╡р╣Ир╕вр╕бр╕Ър╣Йр╕▓р╕Щр╣Бр╕ер╣Йр╕зр╕Ър╣Йр╕▓р╕Зр╕Др╕░ #р╕Шр╕гр╕гр╕бр╕ир╕▓р╕кр╕Хр╕гр╣Мр╕Кр╣Йр╕▓р╕Зр╣Ар╕Ьр╕╖р╕нр╕Б,2025-04-26 19:28:42,2025-05-15 07:50:47,2025,4,26
р╕Шр╕гр╕гр╕бр╕ир╕▓р╕кр╕Хр╕гр╣М,#р╕Шр╕гр╕гр╕бр╕ир╕▓р╕кр╕Хр╕гр╣Мр╕Кр╣Йр╕▓р╕Зр╣Ар╕Ьр╕╖р╕нр╕Б,@102yhnml,р╕зр╕┤р╕ир╕зр╕░ р╕вр╕▒р╕Зр╣Др╕бр╣Ир╣Вр╕Фр╕Щр╣Ар╕вр╕╡р╣Ир╕вр╕бр╕Ър╣Йр╕▓р╕Щ р╕Щр╕╡р╣Ир╕Чр╕│р╣Гр╕Ир╣Др╕Фр╣Йр╣Ар╕ер╕вр╣Гр╕Кр╣Ир╕бр╕▒р╣Йр╕вр╕Др╕гр╕▒р╕Ъ #р╕Шр╕гр╕гр╕бр╕ир╕▓р╕кр╕Хр╕гр╣Мр╕Кр╣Йр╕▓р╕Зр╣Ар╕Ьр╕╖р╕нр╕Б,2025-04-26 19:02:57,2025-05-15 07:50:47,2025,4,26
р╕Шр╕гр╕гр╕бр╕ир╕▓р╕кр╕Хр╕гр╣М,#TCAS,@kanaebooksfile,#р╕кр╣Ир╕Зр╕Хр╣Ир╕нр╕лр╕Щр╕▒р╕Зр╕кр╕╖р╕нр╕кр╕ар╕▓р╕Юр╕Фр╕╡ #р╕гр╕╡р╕зр╕┤р╕зр╕лр╕Щр╕▒р╕Зр╕кр╕╖р╕н #р╕лр╕Щр╕▒р╕Зр╕кр╕╖р╕нр╕Ир╕┤р╕Хр╕зр╕┤р╕Чр╕вр╕▓ #р╕Хр╕▓р╕бр╕лр╕▓р╕лр╕Щр╕▒р╕Зр╕кр╕╖р╕н #р╕лр╕Щр╕▒р╕Зр╕кр╕╖р╕нр╕Вр╕▓р╕вр╕Фр╕╡ #р╣Бр╕Щр╕░р╕Щр╕│р╕лр╕Щр╕▒р╕Зр╕кр╕╖р╕н #р╕лр╕Щр╕▒р╕Зр╕кр╕╖р╕нр╕Фр╕╡р╕Ър╕нр╕Бр╕Хр╣Ир╕н #goodnotes #goodnotes5 #TCAS68 #tcas #р╕Щр╕┤р╕вр╕▓р╕вр╕Нр╕╡р╣Ир╕Ыр╕╕р╣Ир╕Щ #р╣Др╕Яр╕ер╣Мр╕лр╕Щр╕▒р╕Зр╕кр╕╖р╕нр╕Нр╕╡р╣Ир╕Ыр╕╕р╣Ир╕Щ #р╕лр╕Щр╕▒р╕Зр╕кр╕╖р╕нр╕Щр╕┤р╕вр╕▓р╕вр╕Нр╕╡р╣Ир╕Ыр╕╕р╣Ир╕Щ #р╣Др╕Яр╕ер╣Мр╕лр╕Щр╕▒р╕Зр╕кр╕╖р╕нр╕Щр╕┤р╕вр╕▓р╕вр╕Нр╕╡р╣Ир╕Ыр╕╕р╣Ир╕Щ #novelр╕Нр╕╡р╣Ир╕Ыр╕╕р╣Ир╕Щ,2025-05-15 07:34:18,2025-05-15 07:50:46,2025,5,15
р╕Шр╕гр╕гр╕бр╕ир╕▓р╕кр╕Хр╕гр╣М,#TCAS,@P_Learnphysics,"р╕ар╕▓р╕Юр╕Щр╕╡р╣Й р╣Ар╕Фр╣Зр╕Бр╣Ж р╕Зр╕З р╕Бр╕▒р╕Щр╕Чр╕╕р╕Бр╕Ыр╕╡р╕Др╕гр╕▒р╕Ъ #dek69 

р╕нр╕вр╣Ир╕▓р╕Чр╣Ир╕нр╕Зр╕зр╣Ир╕▓ 
a р╣Ар╕Ыр╣Зр╕Щр╕Ър╕зр╕Б р╕Др╕╖р╕н ""р╕Др╕зр╕▓р╕бр╣Ар╕гр╣Ир╕З""  a р╣Ар╕Ыр╣Зр╕Щр╕ер╕Ъ р╕Др╕╖р╕н ""р╕Др╕зр╕▓р╕бр╕лр╕Щр╣Ир╕зр╕З""
р╣Ар╕Юр╕гр╕▓р╕░р╕нр╕▓р╕Ир╕Ир╕░р╣Ар╕Бр╕┤р╕Ф case р╣Ар╣Ар╕Ър╕Ър╕Щр╕╡р╣Йр╣Др╕Фр╣Й  

р╣Гр╕лр╣Йр╣Ар╕Вр╣Йр╕▓р╣Гр╕Ир╕зр╣Ир╕▓ р╕Цр╣Йр╕▓р╕нр╕▒р╕Хр╕гр╕▓р╣Ар╕гр╣Зр╕зр╣Ар╕Юр╕┤р╣Ир╕б р╕бр╕▒р╕Щр╕Др╕╖р╕н р╕Др╕зр╕▓р╕бр╣Ар╕гр╣Ир╕З 
р╕Цр╣Йр╕▓р╕нр╕▒р╕Хр╕гр╕▓р╣Ар╕гр╣Зр╕зр╕ер╕Ф р╕бр╕▒р╕Щр╕Др╕╖р╕н р╕Др╕зр╕▓р╕бр╕лр╕Щр╣Ир╕зр╕З р╣Ар╣Ар╕Ър╕Ър╕Щр╕╡р╣Йр╣Ар╣Ар╕Чр╕Щр╕Др╕гр╕▒р╕Ъ 

#dek69р╕зр╕▒р╕Щр╕Щр╕╡р╣Йр╕Чр╕│р╕нр╕░р╣Др╕г  #Alevel  #TCAS",2025-05-15 07:33:55,2025-05-15 07:50:46,2025,5,15
р╕Шр╕гр╕гр╕бр╕ир╕▓р╕кр╕Хр╕гр╣М,#TCAS,@kanaebooksfile,#р╕лр╕Щр╕▒р╕Зр╕кр╕╖р╕нр╕бр╕╖р╕нр╕кр╕нр╕З #р╕лр╕Щр╕▒р╕Зр╕кр╕╖р╕нр╕ар╕▓р╕йр╕▓р╕нр╕▒р╕Зр╕Бр╕др╕йр╕бр╕╖р╕нр╕кр╕нр╕З #dek69  #ALevel67 #р╣Др╕Яр╕ер╣Мpng #р╣Др╕Яр╕ер╣Мр╕Бр╕гр╕░р╕Фр╕▓р╕йр╣Вр╕Щр╣Кр╕Х #р╣Др╕Яр╕ер╣Мр╕кр╕гр╕╕р╕Ы #р╕кр╣Ир╕Зр╕Хр╣Ир╕нр╕лр╕Щр╕▒р╕Зр╕кр╕╖р╕н  #р╕лр╕Щр╕▒р╕Зр╕кр╕╖р╕нр╕бр╕╖р╕нр╕кр╕нр╕Зр╕кр╕ар╕▓р╕Юр╕Фр╕╡  #р╕кр╣Ир╕Зр╕Хр╣Ир╕нр╕лр╕Щр╕▒р╕Зр╕кр╕╖р╕нр╕кр╕ар╕▓р╕Юр╕Фр╕╡ #р╕гр╕╡р╕зр╕┤р╕зр╕лр╕Щр╕▒р╕Зр╕кр╕╖р╕н  #р╕Хр╕▓р╕бр╕лр╕▓р╕лр╕Щр╕▒р╕Зр╕кр╕╖р╕н #р╕лр╕Щр╕▒р╕Зр╕кр╕╖р╕нр╕Вр╕▓р╕вр╕Фр╕╡ #р╣Бр╕Щр╕░р╕Щр╕│р╕лр╕Щр╕▒р╕Зр╕кр╕╖р╕н #р╕лр╕Щр╕▒р╕Зр╕кр╕╖р╕нр╕Фр╕╡р╕Ър╕нр╕Бр╕Хр╣Ир╕н #goodnotes5 #tcas67 #TCAS68 #tcas #р╕зр╕▒р╕Щр╕Щр╕╡р╣Йdek68р╕Чр╕│р╕нр╕░р╣Др╕г,2025-05-15 07:30:40,2025-05-15 07:50:46,2025,5,15
р╕Шр╕гр╕гр╕бр╕ир╕▓р╕кр╕Хр╕гр╣М,#TCAS,@kanaebooksfile,#р╕лр╕Щр╕▒р╕Зр╕кр╕╖р╕нр╕бр╕╖р╕нр╕кр╕нр╕З #р╕лр╕Щр╕▒р╕Зр╕кр╕╖р╕нр╕ар╕▓р╕йр╕▓р╕нр╕▒р╕Зр╕Бр╕др╕йр╕бр╕╖р╕нр╕кр╕нр╕З #dek69  #ALevel69 #р╣Др╕Яр╕ер╣Мpng #р╣Др╕Яр╕ер╣Мр╕Бр╕гр╕░р╕Фр╕▓р╕йр╣Вр╕Щр╣Кр╕Х #р╣Др╕Яр╕ер╣Мр╕кр╕гр╕╕р╕Ы #р╕кр╣Ир╕Зр╕Хр╣Ир╕нр╕лр╕Щр╕▒р╕Зр╕кр╕╖р╕н  #р╕лр╕Щр╕▒р╕Зр╕кр╕╖р╕нр╕бр╕╖р╕нр╕кр╕нр╕Зр╕кр╕ар╕▓р╕Юр╕Фр╕╡  #р╕кр╣Ир╕Зр╕Хр╣Ир╕нр╕лр╕Щр╕▒р╕Зр╕кр╕╖р╕нр╕кр╕ар╕▓р╕Юр╕Фр╕╡ #р╕гр╕╡р╕зр╕┤р╕зр╕лр╕Щр╕▒р╕Зр╕кр╕╖р╕н  #р╕Хр╕▓р╕бр╕лр╕▓р╕лр╕Щр╕▒р╕Зр╕кр╕╖р╕н #р╕лр╕Щр╕▒р╕Зр╕кр╕╖р╕нр╕Вр╕▓р╕вр╕Фр╕╡ #р╣Бр╕Щр╕░р╕Щр╕│р╕лр╕Щр╕▒р╕Зр╕кр╕╖р╕н #р╕лр╕Щр╕▒р╕Зр╕кр╕╖р╕нр╕Фр╕╡р╕Ър╕нр╕Бр╕Хр╣Ир╕н #goodnotes5 #tcas69 #TCAS68 #tcas #р╕зр╕▒р╕Щр╕Щр╕╡р╣Йdek68р╕Чр╕│р╕нр╕░р╣Др╕г,2025-05-15 07:29:27,2025-05-15 07:50:46,2025,5,15
р╕Шр╕гр╕гр╕бр╕ир╕▓р╕кр╕Хр╕гр╣М,#р╕гр╕▒р╕Ър╕Хр╕гр╕З,@wetalkinter,"р╕гр╕╡р╕зр╕┤р╕з р╕вр╕┤р╕Щр╕Фр╕╡р╕Бр╕▒р╕Ър╕Щр╣Йр╕нр╕Зр╣Жр╕Чр╕╕р╕Бр╕Др╕Щр╕Хр╕┤р╕Ф #р╕гр╕▒р╕Ър╕Хр╕гр╕З #bsitu #р╕Чр╕╡р╕бр╕Шр╕гр╕гр╕бр╕ир╕▓р╕кр╕Хр╕гр╣М р╕Др╣Ир╕▓
р╕Щр╣Йр╕нр╕Зр╣Ж #dek68 #tcas68 #р╣Ар╕Фр╣Зр╕Бр╕Лр╕┤р╣Ир╕з р╕кр╕Щр╣Гр╕Ир╣Ар╕гр╕╡р╕вр╕Щр╕Хр╕┤р╕Фр╕Хр╣Ир╕нр╣Др╕ер╕Щр╣М @xvn8161a (р╕бр╕╡@)

р╕кр╕нр╕Щр╣Ар╕Щр╕╖р╣Йр╕нр╕лр╕▓р╕Чр╕╡р╣Ир╣Др╕Фр╣Йр╣Гр╕Кр╣Йр╕кр╕нр╕Ър╕Ир╕гр╕┤р╕Зр╣Бр╕ер╕░р╕Др╕гр╕нр╕Ър╕Др╕ер╕╕р╕б
р╕кр╕нр╕Щр╕Чр╕│templatesр╕Бр╕▓р╕гр╕Хр╕нр╕Ър╣Др╕зр╣Йр╕Чр╕╕р╕Бр╣Бр╕Ър╕Ър╣Бр╕ер╕░р╕Ыр╕гр╕░р╕вр╕╕р╕Бр╕Хр╣Мр╣Др╕Фр╣Йр╕Ир╕гр╕┤р╕З
р╕кр╕нр╕Щр╕Ыр╕гр╕▒р╕Ър╕Бр╕▓р╕гр╣Ар╕Вр╕╡р╕вр╕Щр╕Хр╕▓р╕бр╕Юр╕╖р╣Йр╕Щр╕Рр╕▓р╕Щр╕Ьр╕╣р╣Йр╣Ар╕гр╕╡р╕вр╕Щ
р╕Фр╕╣р╣Бр╕ер╕Ир╕Щр╕Цр╕╢р╕Зр╕зр╕▒р╕Щр╕кр╕нр╕Ъ",2025-05-13 02:27:14,2025-05-15 07:50:31,2025,5,13
р╕Шр╕гр╕гр╕бр╕ир╕▓р╕кр╕Хр╕гр╣М,#р╕Чр╕╡р╕бр╕бр╕Ш,@JKBunny_JK,"р╕гр╕▒р╕Ър╕Чр╕│setр╕Ир╕┤р╕Хр╕нр╕▓р╕кр╕▓ (р╕бр╕╡р╕Хр╕гр╕▓р╕Бр╕вр╕и)

тАв р╕Др╕┤р╕зр╕зр╣Ир╕▓р╕З | р╕гр╕▒р╕Ър╕Чр╕│ 22 р╕Ър╕Ч р╕Ыр╕╡67 р╕бр╕╡ 30 р╕Кр╕б. 

тАв р╕Зр╕▓р╕Щр╣Ар╕гр╣Ир╕Зр╕кр╕нр╕Ър╕Цр╕▓р╕бр╣Др╕Фр╣Йр╕Др╣Ир╕░
тАв |D |ine : set542 
тАв р╕гр╕▒р╕Ър╕Чр╕│р╕Др╕ер╕░р╕зр╕▒р╕Щр╕Чр╕╡р╣И 

vdo+р╕кр╕нр╕Ъ р╕гр╕зр╕бр╣Вр╕лр╕ер╕Фр╣Др╕Яр╕ер╣М
1р╕Кр╕б. 4B
18р╕Кр╕б. 65B
36р╕Кр╕б. 130B

#р╕Бр╕вр╕и #р╕Ир╕┤р╕Хр╕нр╕▓р╕кр╕▓р╕Бр╕вр╕и #setelearning #р╕Чр╕╡р╕бр╕Ър╕╣р╕гр╕Юр╕▓ #р╕Чр╕╡р╕бр╕бр╕Яр╕е #р╕Чр╕╡р╕бр╕бр╕Ш #р╕Ир╕┤р╕Хр╕нр╕▓р╕кр╕▓р╕нр╕нр╕Щр╣Др╕ер╕Щр╣М #р╕Чр╕╡р╕бbu #р╕Чр╕╡р╕бр╕бр╕ир╕з",2025-05-15 07:40:52,2025-05-15 07:52:23,2025,5,15
р╕Шр╕гр╕гр╕бр╕ир╕▓р╕кр╕Хр╕гр╣М,#р╕Чр╕╡р╕бр╕бр╕Ш,@kanaebooksfile,"#р╣Ар╕гр╕╡р╕вр╕Щsat #р╕кр╕нр╕Ър╣Ар╕Вр╣Йр╕▓р╕нр╕┤р╕Щр╣Ар╕Хр╕нр╕гр╣М #ALevel67 #TCAS67 #TCAS68 #SAT #satmath #satverbal #sateng #sattutor #satprep #р╣Ар╕гр╕╡р╕вр╕Щр╕Юр╕┤р╣Ар╕ир╕й #satpastpaper #р╕Хр╕┤р╕зsat #satsubject #р╕Вр╣Йр╕нр╕кр╕нр╕Ър╣Ар╕Бр╣Ир╕▓ #bbacu #bbatu #р╕кр╕нр╕Ър╕нр╕┤р╕Щр╣Ар╕Хр╕нр╕гр╣М #р╣Ар╕гр╕╡р╕вр╕Щр╕нр╕┤р╕Щр╣Ар╕Хр╕нр╕гр╣М #р╕Чр╕╡р╕бр╕бр╕Ш #р╕Чр╕╡р╕бр╕Ир╕╕р╕мр╕▓ #р╕Чр╕╡р╕бр╕бр╕лр╕┤р╕Фр╕е #р╕Чр╕╡р╕бр╕бр╕К #р╕лр╕Щр╕▒р╕Зр╕кр╕╖р╕нр╣Ар╕Хр╕гр╕╡р╕вр╕бр╕кр╕нр╕Ъ #р╣Др╕нр╣Ар╕нр╕е  
#р╣Ар╕гр╕╡р╕вр╕Щр╣Др╕нр╣Ар╕нр╕е",2025-05-15 07:21:01,2025-05-15 07:52:23,2025,5,15
р╕Шр╕гр╕гр╕бр╕ир╕▓р╕кр╕Хр╕гр╣М,#р╕Чр╕╡р╕бр╕бр╕Ш,@Gsijsj4,"р╣Ар╕Др╣Йр╕▓р╕гр╕▒р╕Ър╕Чр╕│ р╕Ир╕┤р╕Хр╕нр╕▓р╕кр╕▓ р╕Бр╕вр╕и. р╕Зр╕▒р╕Ъ
р╕Зр╕▓р╕Щр╣Ар╕кр╕гр╣Зр╕Ир╕Др╣Ир╕нр╕вр╣Вр╕нр╕Щ
р╕зр╕▒р╕Щр╣Ар╕Фр╕╡р╕вр╕зр╣Ар╕кр╕гр╣Зр╕И/р╣Бр╕Ър╣Ир╕Зр╕Чр╕│ р╣Др╕бр╣Ир╕бр╕╡р╕Ър╕зр╕Бр╣Ар╕Юр╕┤р╣Ир╕б
р╕Кр╕б.р╕ер╕░5р╕Ър╕▓р╕Чр╕Чр╕╕р╕Бр╕лр╕ер╕▒р╕Бр╕кр╕╣р╕Хр╕г

#р╕Ир╕┤р╕Хр╕нр╕▓р╕кр╕▓р╕нр╕нр╕Щр╣Др╕ер╕Щр╣М #р╕Ир╕┤р╕Хр╕нр╕▓р╕кр╕▓р╕Бр╕вр╕и #р╕Чр╕╡р╕бр╕бр╕Б #р╕Бр╕вр╕и #р╕Чр╕╡р╕бр╕бр╕К  #р╕бр╕Чр╕к #р╕Чр╕╡р╕бр╕бр╕бр╕к #р╕Чр╕╡р╕бр╕Ър╕╣р╕гр╕Юр╕▓  #р╕Чр╕╡р╕бр╕бр╕ир╕з #setelearning #р╕Чр╕╡р╕бр╕бр╕Ю #р╕Чр╕╡р╕бр╣Бр╕бр╣Ир╣Вр╕Ир╣Й #dek69 #р╕кр╕зр╕Щр╕кр╕╕р╕Щр╕▒р╕Щр╕Чр╕▓ #р╕Чр╕╡р╕бр╕бр╕Щ #р╕Чр╕╡р╕бр╕бр╕Ш #р╕Чр╕╡р╕бр╕бр╕Яр╕е  #р╕гр╕▒р╕Ър╕Чр╕│р╕Бр╕▓р╕гр╕Ър╣Йр╕▓р╕Щ",2025-05-15 07:08:32,2025-05-15 07:52:23,2025,5,15
р╕Шр╕гр╕гр╕бр╕ир╕▓р╕кр╕Хр╕гр╣М,#р╕Чр╕╡р╕бр╕бр╕Ш,@Horoscope27,"р╕Др╕┤р╕зр╕зр╣Ир╕▓р╕Зр╕Щр╕░р╕Др╕░
р╕Фр╕╣р╕Фр╕зр╕Зр╕ер╕▓р╕вр╕бр╕╖р╕н/р╕бр╕╖р╕нр╕Цр╕╖р╕н/р╣Др╕Юр╣И
р╕Хр╕┤р╕Фр╕Хр╣Ир╕н line oaр╕Др╣Ир╕░
р╣Др╕Фр╣Йр╕гр╕▒р╕Ър╕Др╕│р╕Чр╕│р╕Щр╕▓р╕вр╕ар╕▓р╕вр╣Гр╕Щ 24 р╕Кр╕б
р╕Хр╕нр╕Ър╕Ыр╕▒р╕Нр╕лр╕▓р╣Ар╕Ыр╣Зр╕Щр╕Вр╣Йр╕нр╕Хр╕гр╕Зр╕Ыр╕гр╕░р╣Ар╕Фр╣Зр╕Щ
р╣Бр╕Щр╕░р╕Щр╕│р╕зр╕┤р╕Шр╕╡р╣Бр╕Бр╣Йр╣Др╕В
р╕Ир╕░р╕бр╕╡р╕Бр╕▓р╕гр╕Чр╕▒р╕Бр╣Ар╕Юр╕┤р╣Ир╕бр╣Ар╕Хр╕┤р╕бр╕кр╕┤р╣Ир╕Зр╕Чр╕╡р╣Ир╕Др╕зр╕гр╕гр╕░р╕зр╕▒р╕З
#р╕Фр╕╣р╕Фр╕зр╕Зр╣Бр╕бр╣Ир╕Щр╣Ж #р╕гр╕╡р╕зр╕┤р╕зр╕Фр╕╣р╕Фр╕зр╕З #dek68 #р╕Др╕бр╕Кр╕▒р╕Фр╕ер╕╢р╕Бр╕нр╕зр╕нр╕гр╣Мр╕Ф21 #р╕нр╕нр╕Яр╕Бр╕▒р╕Щ #dek69 #tcas68 #р╕Чр╕╡р╕бр╕бр╕н #р╕Чр╕╡р╕бр╕бр╕Ш #р╕Чр╕╡р╕бр╕бр╕В #р╕Чр╕╡р╕бр╕бр╕ир╕з",2025-05-15 06:54:47,2025-05-15 07:52:23,2025,5,15
р╕Шр╕гр╕гр╕бр╕ир╕▓р╕кр╕Хр╕гр╣М,#р╕Чр╕╡р╕бр╕бр╕Ш,@Blueheart_zz,"; р╕Юр╕╡р╣Ир╣Жр╣Ар╕Фр╣Зр╕Б67р╕Вр╕╢р╣Йр╕Щр╣Др╕Ы тАЬр╕бр╕╡р╕нр╕░р╣Др╕гр╕нр╕вр╕▓р╕Бр╣Бр╕Щр╕░р╕Щр╕│тАЭ  р╕гр╕╕р╣Ир╕Щр╕Щр╣Йр╕нр╕З68+ р╕Чр╕╡р╣Ир╕Хр╕┤р╕Ф р╕бр╕Ш р╣Бр╕ер╣Йр╕з р╕лр╕гр╕╖р╕н р╕Др╕Щр╕Чр╕╡р╣Ир╕Бр╕│р╕ер╕▒р╕Зр╕кр╕Щр╣Гр╕И р╣Др╕лр╕бр╕Др╕░ 

#Dek68 #Dek67 #Dek66 #Dek65 #р╕Чр╕╡р╕бр╕бр╕Ш #р╕Шр╕гр╕гр╕бр╕ир╕▓р╕кр╕Хр╕гр╣М #Dek69",2025-05-15 05:44:08,2025-05-15 07:52:23,2025,5,15
р╕Шр╕гр╕гр╕бр╕ир╕▓р╕кр╕Хр╕гр╣М,#р╕бр╕Ш,┬╖,"р╕бр╕╡р╣Гр╕Др╕гр╕Хр╕┤р╕Фр╕бр╕Шр╣Бр╕ер╣Йр╕зр╕кр╕Щр╣Гр╕Ир╕Ир╕░р╕нр╕вр╕╣р╣Ир╕Др╕нр╕Щр╣Вр╕Фр╕бр╕▒р╣Йр╕вр╕Др╕░р╣Ар╕Др╣Йр╕▓р╕лр╕▓р╣Ар╕бр╕Ч1р╕Др╕Щр╕Др╣Ир╕░ р╕гр╕▓р╕вр╕ер╕░р╣Ар╕нр╕╡р╕вр╕Фр╕Чр╕▒р╕Бр╕бр╕▓р╣Др╕Фр╣Йр╕Др╣Ир╕░
#р╕бр╕Ш #р╕лр╕нр╣Гр╕Щр╕бр╕Ш",2025-05-15 07:24:46,2025-05-15 07:52:30,2025,5,15
р╕Шр╕гр╕гр╕бр╕ир╕▓р╕кр╕Хр╕гр╣М,#р╕бр╕Ш,@koookg69,р╕лр╕▓р╕Др╕Щр╕бр╕▓р╕Бр╕┤р╕Щр╕Зр╕╣р╣Гр╕лр╣Й р╕кр╕▓р╕зр╕кр╕нр╕Зр╕лр╕Щр╣Йр╕▓р╕Хр╕▓р╣Вр╕нр╣Ар╕Д #р╕гр╕▒р╕Зр╕кр╕┤р╕Х #р╕гр╕▒р╕Зр╕кр╕┤р╕Хр╕ар╕┤р╕гр╕бр╕вр╣М #р╕бр╕Ш #bu #р╕Др╕ер╕нр╕Зр╕лр╕ер╕зр╕З #р╕Щр╕зр╕Щр╕Др╕г,2025-05-15 06:51:25,2025-05-15 07:52:30,2025,5,15
р╕Шр╕гр╕гр╕бр╕ир╕▓р╕кр╕Хр╕гр╣М,#р╕бр╕Ш,@Praaaaaa2546,"р╕гр╕Ър╕Бр╕зр╕Щр╕Чр╕╕р╕Бр╕Др╕Щр╕Кр╣Ир╕зр╕вр╕Чр╕│р╣Бр╕Ър╕Ър╕кр╕нр╕Ър╕Цр╕▓р╕бр╣Ар╕Юр╕╖р╣Ир╕нр╣Ар╕нр╕▓р╣Др╕Ыр╕Чр╕│р╕зр╕┤р╕Ир╕▒р╕вр╕лр╕Щр╣Ир╕нр╕вр╕Др╣Ир╕░ 
https://docs.google.com/forms/d/e/1FAIpQLScoeQpRiegRY2PW__0RAm4pROKg2deVhTZolIgPpLpoMSjGiA/viewform?usp=headerтАж
 #р╕кр╕▒р╕Зр╕зр╕┤р╕Чр╕бр╕Ш #р╕бр╕Ш",2025-05-15 05:28:10,2025-05-15 07:52:30,2025,5,15
р╕Шр╕гр╕гр╕бр╕ир╕▓р╕кр╕Хр╕гр╣М,#р╕бр╕Ш,@Pitchapaxx,"р╣Др╕Ы р╕Бр╕Чр╕б 17-20 р╕Щр╕╡р╣Й р╕Щр╕░р╕Др╕░ р╕лр╕▓р╣Ар╕Юр╕╖р╣Ир╕нр╕Щр╣Ар╕Фр╕┤р╕Щр╣Ар╕ер╣Ир╕Щр╣Ар╣Ар╕Цр╕зр╕кр╕вр╕▓р╕б р╕лр╕гр╕╖р╕нр╣Др╕Ыр╕лр╕▓р╕нр╕░р╣Др╕гр╕Чр╕▓р╕Щр╕Бр╕▒р╕Щр╕Др╣Ир╕░  
#р╕кр╕вр╕▓р╕б #р╕нр╕кр╕К #р╕нр╕▒р╕кр╕кр╕▒р╕бр╕Кр╕▒р╕Н #р╕Ър╕▓р╕Зр╕гр╕▒р╕Б #р╕Бр╕Чр╕б #р╕Бр╕гр╕╕р╕Зр╣Ар╕Чр╕Юр╕п #р╕Ир╕╕р╕мр╕▓ #р╕бр╕Ш",2025-05-14 21:17:52,2025-05-15 07:52:30,2025,5,14
р╕Шр╕гр╕гр╕бр╕ир╕▓р╕кр╕Хр╕гр╣М,#р╕бр╕Ш,@mbkaikokp,р╣Гр╕Др╕гр╣Др╕Фр╣Йр╕нр╕нр╣Ар╕Фр╕нр╕гр╣Мр╣Ар╕Др╣Ар╕нр╕Яр╕Лр╕╡р╕Чр╕╡р╣Ир╕бр╕╡р╕бр╕▒р╕Чр╕Йр╕░р╕ер╕▓р╣Ар╕Хр╣Йр╣Др╕Ыр╣Др╕лр╕бр╕Др╕░ р╕Зр╕Зр╕Др╕Щр╕Бр╕┤р╕Щр╕Вр╕нр╕Зр╕Чр╕╡р╣Ир╣Др╕бр╣Ир╣Гр╕Кр╣Ир╕нр╕нр╣Ар╕Фр╕нр╕гр╣Мр╕Хр╕▒р╕зр╣Ар╕нр╕З р╣Ар╕нр╕▓р╕бр╕▓р╕Др╕╖р╣Кр╕Щр╕Щр╕Щр╕Щр╕Щр╕Щр╕Щ  р╣Ар╕Фр╕╡р╣Лр╕вр╕зр╕Щр╕╡р╣Й!!!!! #р╕бр╕Ш,2025-05-14 14:57:57,2025-05-15 07:52:30,2025,5,14
р╕Шр╕гр╕гр╕бр╕ир╕▓р╕кр╕Хр╕гр╣М,#р╕бр╕Ш,@KaleaRad,р╕кр╕▓р╕зр╕кр╕нр╕З3р╕Др╕Щ р╕нр╕зр╕Ър╣Ж р╕лр╕▓р╕Щр╕▒р╕Фр╕Кр╕▓р╕вр╣Бр╕Чр╣Й3р╕Др╕Щ  #р╕гр╕▒р╕Зр╕кр╕┤р╕Х #р╕гр╕▒р╕Зр╕кр╕┤р╕Хр╕ар╕┤р╕гр╕бр╕вр╣М #р╕бр╕Ш #bu #р╕Др╕ер╕нр╕Зр╕лр╕ер╕зр╕З #р╕Щр╕зр╕Щр╕Др╕г,2025-05-14 12:02:37,2025-05-15 07:52:30,2025,5,14
р╕Шр╕гр╕гр╕бр╕ир╕▓р╕кр╕Хр╕гр╣М,#р╕бр╕Ш,┬╖,р╕гр╕нр╕Ър╣Вр╕Др╕зр╕Хр╣Йр╕▓р╕Ир╕┤р╕Хр╕нр╕▓р╕кр╕▓р╕Вр╕нр╕Зр╣Гр╕Др╕гр╕Др╕ер╕┤р╕Бр╣Др╕Ыр╣Бр╕ер╣Йр╕зр╣Ар╕Ыр╣Зр╕Щр╕нр╕вр╣Ир╕▓р╕Зр╕Щр╕╡р╣Йр╕Ър╣Йр╕▓р╕Зр╕Др╕░ р╕нр╕▒р╕Щр╕Щр╕╡р╣Йр╕Вр╕нр╕Зр╣Ар╕Юр╕╖р╣Ир╕нр╕Щр╣Ар╕гр╕▓р╕Др╣Ир╕░р╕Вр╕нр╕Зр╣Ар╕гр╕▓р╣Ар╕Ыр╣Зр╕Щр╣Вр╕Др╕зр╕Хр╣Йр╕▓р╣Ар╕гр╕╡р╕вр╕Щр╕Фр╕╡р╕ар╕▓р╕Др╕Бр╕ер╕▓р╕Зр╕Ир╕░р╕Вр╕╢р╣Йр╕Щр╣Ар╕Ыр╣Зр╕Щр╕Ыр╕гр╕░р╕Бр╕▓р╕ир╕Вр╕нр╕Зр╕бр╕нр╕Др╣Ир╕░ #р╕Чр╕╡р╕бр╕бр╕Ш #р╕бр╕Ш,2025-05-14 07:16:20,2025-05-15 07:52:30,2025,5,14
р╕Шр╕гр╕гр╕бр╕ир╕▓р╕кр╕Хр╕гр╣М,#р╕бр╕Ш,@Mysunflowerhome,"тК╣ ЁЦеж р╕Ыр╕ер╣Ир╕нр╕вр╕Бр╕╣р╣Й р╕кр╕│р╕лр╕гр╕▒р╕Ър╕Др╕Щр╕Йр╕╕р╕Бр╣Ар╕Йр╕┤р╕Щр╕Др╣Ир╕▓р╕▓ 

       р╕ер╕╣р╕Бр╕Др╣Йр╕▓р╣Гр╕лр╕бр╣И 300 - 1,000 
       р╕Чр╕╕р╕Щр╕Ър╣Йр╕▓р╕Щр╕Бр╕╣р╣Й 3,000 - 30,000

р╕кр╣Ир╕Зр╕вр╕нр╕Фр╕Хр╕гр╕Зр╣Ар╕зр╕ер╕▓ р╣Ар╕Др╕гр╕Фр╕┤р╕Хр╕Фр╕╡ р╕нр╕▒р╕Юр╕вр╕нр╕Фр╣Др╕Фр╣Йр╣Ар╕гр╕╖р╣Ир╕нр╕вр╣Ж
  р╕кр╕Щр╣Гр╕Ир╕кр╣Ир╕Зр╕Кр╕╖р╣Ир╕н-р╕кр╕Бр╕╕р╕е+р╣Ар╕Др╕гр╕Фр╕┤р╕Хр╕Чр╕▓р╕Зр╣Др╕ер╕Щр╣М

#р╕Ыр╕ер╣Ир╕нр╕вр╕Бр╕╣р╣Й #р╣Ар╕Зр╕┤р╕Щр╕Бр╕╣р╣Йр╕Щр╕▒р╕Бр╕ир╕╢р╕Бр╕йр╕▓ #р╣Ар╕Зр╕┤р╕Щр╕Бр╕╣р╣Йр╕Фр╣Ир╕зр╕Щ #р╕Бр╕╣р╣Йр╣Ар╕Зр╕┤р╕Щ #р╕Бр╕╣р╣Йр╣Ар╕Зр╕┤р╕Щр╕Щр╕▒р╕Бр╕ир╕╢р╕Бр╕йр╕▓ #р╕бр╕В #р╕бр╕бр╕к #р╕бр╕Ир╕Ю #р╕бр╕Чр╕к #р╕бр╕Ш",2025-05-14 07:12:57,2025-05-15 07:52:30,2025,5,14
р╕Шр╕гр╕гр╕бр╕ир╕▓р╕кр╕Хр╕гр╣М,#р╕бр╕Ш,@hannjza,"р╕кр╕зр╕▒р╕кр╕Фр╕╡р╕Др╣Ир╕▓ р╕бр╕╡р╕Юр╕╡р╣И р╣Ж р╕Др╕Щр╣Др╕лр╕Щр╣Ар╕Др╕вр╕нр╕вр╕╣р╣Ир╕лр╕гр╕╖р╕нр╕кр╕▓р╕бр╕▓р╕гр╕Цр╕гр╕╡р╕зр╕┤р╕з haus private residences р╕Бр╕▒р╕Ъ 18-22 residences р╣Гр╕лр╣Йр╣Др╕Фр╣Йр╕бр╕▒р╣Йр╕вр╕Др╕░ р╕лр╕гр╕╖р╕нр╕зр╣Ир╕▓р╣Бр╕Щр╕░р╕Щр╕│р╕лр╕нр╕нр╕╖р╣Ир╕Щ р╣Ж р╣Гр╕лр╣Йр╣Ар╕Юр╕┤р╣Ир╕бр╣Ар╕Хр╕┤р╕бр╣Др╕Фр╣Йр╣Ар╕ер╕вр╕Др╣Ир╕░

#р╕бр╕Ш #TU #р╕лр╕нр╕Щр╕нр╕Бр╕бр╕Ш #р╕лр╕нр╕бр╕Ш",2025-05-14 06:23:31,2025-05-15 07:52:30,2025,5,14
р╕Шр╕гр╕гр╕бр╕ир╕▓р╕кр╕Хр╕гр╣М,#р╕бр╕Ш,@fiigile_,"р╕лр╕▓р╕кр╕▒р╕Нр╕Нр╕▓ 18-22 р╕лр╣Йр╕нр╕З 6900 р╣Ар╕Вр╣Йр╕▓р╕Бр╕гр╕Бр╕Пр╕▓р╕Др╣Ир╕░ 

 #р╕лр╕▓р╣Ар╕бр╕Чр╕бр╕Ш #р╕лр╕нр╕Щр╕нр╕Бр╕бр╕Ш #р╕бр╕Ш #р╕лр╕▓р╕лр╕нр╕бр╕Ш #р╕лр╕нр╕Юр╕▒р╕Бр╕бр╕Ш",2025-05-14 03:24:34,2025-05-15 07:52:30,2025,5,14
р╕Шр╕гр╕гр╕бр╕ир╕▓р╕кр╕Хр╕гр╣М,#р╕бр╕Ш,@summersunnysoon,"р╕Хр╕▒р╕Фр╕Хр╣Ир╕нр╕гр╕╣р╕Ыр╕Хр╕┤р╕Фр╕Ър╕▒р╕Хр╕г 99 р╕Ър╕▓р╕Ч 
р╣Бр╕Бр╣Йр╕кр╕╡р╕Юр╕╖р╣Йр╕Щр╕лр╕ер╕▒р╕З/р╕Ыр╕гр╕▒р╕Ър╣Др╕Яр╕ер╣М /р╣Бр╕Бр╣Йр╕гр╕╣р╕Ы 20 р╕Ър╕▓р╕Ч

р╕Юр╕гр╣Йр╕нр╕бр╕Хр╕▒р╕Ф р╕кр╕нр╕Ъ р╕кр╕бр╕▒р╕Др╕гр╕Зр╕▓р╕Щ р╕нр╕╖р╣Ир╕Щр╣Ж

р╣Бр╕Бр╣Йр╕лр╕Щр╣Йр╕▓р╣Ар╕Ър╕╡р╣Йр╕вр╕з р╕Др╕нр╣Ар╕нр╕╡р╕вр╕З р╕Ыр╕гр╕▒р╕Ър╕кр╕╡р╕Ьр╕┤р╕з р╣Вр╕Чр╕Щр╕Ьр╕┤р╕з р╕ер╕Ър╕гр╕нр╕в р╣Бр╕Хр╣Ир╕Зр╕лр╕Щр╣Йр╕▓ +р╕Чр╕гр╕Зр╕Ьр╕бр╣Ар╕ер╕╖р╕нр╕Бр╣Др╕Фр╣Й

р╕нр╕▒р╕Ыр╣Ар╕Фр╕Хр╕Чр╕╕р╕Бр╕Вр╕▒р╣Йр╕Щр╕Хр╕нр╕Щ р╕Ыр╕гр╕▒р╕Ър╣Бр╕Бр╣Йр╣Др╕Фр╣Йр╕Хр╕ер╕нр╕Ф 
#р╕Хр╕▒р╕Фр╕Хр╣Ир╕нр╕гр╕╣р╕Ы #р╕гр╕╣р╕Ыр╕Хр╕┤р╕Фр╕Ър╕▒р╕Хр╕г #р╕гр╕╣р╕Ыр╕Щр╕▒р╕Бр╕ир╕╢р╕Бр╕йр╕▓ #р╕гр╕╣р╕Ыр╕кр╕бр╕▒р╕Др╕гр╕Зр╕▓р╕Щ #р╕гр╕╡р╕Чр╕▒р╕Кр╕гр╕╣р╕Ы #tcas68 #dek68 #р╕бр╕Ш",2025-05-14 02:43:34,2025-05-15 07:52:30,2025,5,14
р╕Шр╕гр╕гр╕бр╕ир╕▓р╕кр╕Хр╕гр╣М,#р╕бр╕Ш,@468Shackky,"р╕Щр╕и.р╕гр╕╡р╕Ър╣Гр╕Кр╣Йр╣Ар╕Зр╕┤р╕Щр╕Фр╣Ир╕зр╕Щ
р╕лр╕бр╕╕р╕Щр╣Др╕бр╣Ир╕Чр╕▒р╕Щ р╕лр╕▓р╕Др╣Ир╕▓р╣Ар╕Чр╕нр╕б р╕Др╣Ир╕▓р╕лр╕н
р╕лр╕▓р╕Др╕Щ #р╕Ыр╕ер╣Ир╕нр╕вр╕Бр╕╣р╣Йр╕гр╕▓р╕вр╣Ар╕Фр╕╖р╕нр╕Щ

р╕вр╕нр╕Ф9000-20,000
-р╣Др╕бр╣Ир╕бр╕╡р╣Вр╕нр╕Щр╕Бр╣Ир╕нр╕Щ
-р╕Ьр╣Ир╕нр╕Щр╕гр╕▓р╕вр╣Ар╕Фр╕╖р╕нр╕Щ

Line; http://lin.ee/T8DSIgt

#р╕лр╕нр╕Бр╕▓р╕гр╕Др╣Йр╕▓ #р╕Ыр╕ер╣Ир╕нр╕вр╕Бр╕╣р╣Йр╕Щр╕▒р╕Бр╕ир╕╢р╕Бр╕йр╕▓ #р╣Ар╕Зр╕┤р╕Щр╕Бр╕╣р╣Й #р╕Бр╕╣р╣Йр╣Ар╕Зр╕┤р╕Щ #р╕кр╕Ир╕е #р╕бр╕Ир╕Ю #р╕бр╕Ю #р╕бр╕Б #р╕бр╕В #р╕бр╕К #р╕бр╕Ш #р╕бр╕ир╕Б #р╕бр╕Ир╕Ш #р╕ир╕гр╕╡р╕Ыр╕Чр╕╕р╕б #р╣Ар╕Зр╕┤р╕Щр╕Бр╕╣р╣Йр╕Щр╕▒р╕Бр╕ир╕╢р╕Бр╕йр╕▓ #р╣Ар╕Зр╕┤р╕Щр╕Бр╕╣р╣Йр╕гр╕▓р╕вр╣Ар╕Фр╕╖р╕нр╕Щ",2025-05-13 15:37:22,2025-05-15 07:52:49,2025,5,13
р╕Шр╕гр╕гр╕бр╕ир╕▓р╕кр╕Хр╕гр╣М,#р╕бр╕Ш,@dynamite2255,"р╕лр╕▓р╕Щр╕▒р╕Ф р╕Н р╣Ар╕Фр╕╡р╣Ир╕вр╕з р╕Др╕гр╕▒р╕Ъ р╣Ар╕лр╕Зр╕▓
р╕Ьр╕бр╕Кр╕▓р╕вр╣Ар╕Фр╕╡р╣Ир╕вр╕зр╕нр╕вр╕▓р╕Бр╕лр╕▓р╕Кр╣Ир╕зр╕вр╕Др╕╣р╣Ир╕бр╕╡р╕Др╣Ир╕▓р╕Вр╕Щр╕бр╣Гр╕лр╣Йр╕Зр╕▒р╕Ъ
р╣Ар╕Щр╣Йр╕Щр╕кр╕░р╕нр╕▓р╕Ф р╕Вр╕нр╕Др╕Щр╕Щр╕▒р╕Фр╕Ир╕гр╕┤р╕З р╕лр╕гр╕╖р╕нр╣Гр╕лр╣Йр╣Др╕Ыр╕Щр╕▒р╣Ир╕Зр╕Кр╕бр╕Бр╣Йр╣Др╕Фр╣Й
#р╕Др╕ер╕нр╕Зр╕лр╕Б #fwbр╕гр╕▒р╕Зр╕кр╕┤р╕Х #р╕лр╕▓р╣Ар╕кр╕╡р╣Ир╕вр╣Ар╕ер╕╡р╣Йр╕вр╕З #р╕лр╕▓р╕Др╕Щр╕Фр╕╣р╣Бр╕е #р╕Щр╕Др╕гр╕Щр╕▓р╕вр╕Б #р╕Др╕ер╕нр╕З6 #р╕гр╕▒р╕Зр╕кр╕┤р╕Х  #р╣Ар╕гр╕╡р╕вр╕ер╕Щр╕▒р╕Бр╕ир╕╢р╕Бр╕йр╕▓ #р╕кр╕зр╕┤р╕Зр╕Бр╕┤р╣Йр╕З #р╕Кр╕▓р╕вр╣Ар╕Фр╕╡р╣Ир╕вр╕з #р╕Кр╣Ир╕зр╕вр╕Др╕╣р╣И #р╕зр╕┤р╕лр╕▓р╕гр╣Бр╕Фр╕З #р╕бр╕Ш #р╕кр╕гр╕░р╕Ър╕╕р╕гр╕╡ #р╕гр╕▒р╕Зр╕кр╕┤р╕Хр╕ар╕┤р╕гр╕бр╕вр╣М #р╕бр╕ир╕зр╕нр╕Зр╕Др╕гр╕▒р╕Бр╕йр╣М #р╕гр╕▒р╕Зр╕кр╕┤р╕Х",2025-05-13 15:35:41,2025-05-15 07:52:49,2025,5,13
р╕Шр╕гр╕гр╕бр╕ир╕▓р╕кр╕Хр╕гр╣М,#р╕бр╕Ш,@SPEEDYPHOTO_44,"р╕Хр╕▒р╕Фр╕гр╕╣р╕Ыр╕Ър╕▒р╕Хр╕гр╕Чр╕╕р╕Бр╕Кр╕╕р╕Ф р╕кр╕Щр╣Гр╕Ир╣Бр╕нр╕Фр╣Др╕ер╕Щр╣М 0996263096 р╕лр╕гр╕╖р╕нр╕Чр╕▒р╕Б @SPEEDYPHOTO_44 

#р╕ер╕▓р╕Фр╕Бр╕гр╕░р╕Ър╕▒р╕З #р╕гр╕╣р╕Ыр╕Хр╕┤р╕Фр╕Ър╕▒р╕Хр╕г #р╕гр╕╣р╕Ыр╕Хр╕┤р╕Фр╕Ър╕▒р╕Хр╕гр╕Щр╕▒р╕Бр╕ир╕╢р╕Бр╕йр╕▓ #р╕Чр╕╡р╕бр╕бр╕Б #ku84 #р╕бр╕Ир╕Ю #р╕кр╕Ир╕е #р╕ир╕┤р╕ер╕Ыр╕▓р╕Бр╕г #р╕Чр╕╡р╕бр╕бр╕Ш #р╕Чр╕╡р╕бр╕бр╕Щ #р╕Чр╕╡р╕бр╕бр╕ир╕з  #dek66 #alevel67 #dek67 #р╕бр╕Б #р╕бр╕ир╕з #р╕бр╕Щ #р╕бр╕В #р╕ир╕┤р╕ер╕Ыр╕▓р╕Бр╕г #р╕Ър╕╣р╕гр╕Юр╕▓ #р╕бр╕Бр╕ир╕гр╕К #р╕бр╕Б #р╕бр╕Бр╕Бр╕Юр╕к #р╕бр╕Ш #р╕гр╕▒р╕Зр╕кр╕┤р╕Х #р╕Др╕гр╕╣р╕Ьр╕╣р╣Йр╕Кр╣Ир╕зр╕в #р╕кр╕нр╕Ър╕Чр╣Йр╕нр╕Зр╕Цр╕┤р╣Ир╕Щ66",2025-05-13 13:12:49,2025-05-15 07:52:49,2025,5,13
р╕Шр╕гр╕гр╕бр╕ир╕▓р╕кр╕Хр╕гр╣М,#dek70,@404FAHLX,"р╕кр╣Ир╕Зр╕Хр╣Ир╕нр╕Щр╕к.р╣Ар╕Хр╕гр╕╡р╕вр╕бр╕кр╕нр╕Ъ
- р╕Кр╕╡р╕зр╕░р╕Ыр╕ер╕▓р╕лр╕бр╕╢р╕Б 
- р╕Хр╕░р╕ер╕╕р╕вр╣Вр╕Ир╕Чр╕вр╣Мр╕Юр╕╡р╣Ир╕лр╕бр╕нр╣Бр╕бр╣Зр╕Д
- Tgat eng р╕Фр╕г.р╕ир╕╕р╕ар╕зр╕▒р╕Тр╕Щр╣М 
- Tgat р╕н.р╕Вр╕ер╕╕р╣Ир╕в 

р╕Чр╕▒р╕Бр╕бр╕▓р╕Фр╕╣р╕Юр╕Х.р╣Др╕Фр╣Йр╕Др╕▒р╣Йр╕Ър╕Ъ
#dek69 #dek70 #р╕кр╣Ир╕Зр╕Хр╣Ир╕нр╕лр╕Щр╕▒р╕Зр╕кр╕╖р╕н #р╕кр╣Ир╕Зр╕Хр╣Ир╕нр╕лр╕Щр╕▒р╕Зр╕кр╕╖р╕нр╣Ар╕Хр╕гр╕╡р╕вр╕бр╕кр╕нр╕Ъ #р╕лр╕Щр╕▒р╕Зр╕кр╕╖р╕нр╣Ар╕Хр╕гр╕╡р╕вр╕бр╣Ар╕Вр╣Йр╕▓р╕бр╕лр╕▓р╕ер╕▒р╕в
 #р╕кр╣Ир╕Зр╕Хр╣Ир╕нр╕лр╕Щр╕▒р╕Зр╕кр╕╖р╕нр╕бр╕╖р╕нр╕кр╕нр╕З",2025-05-15 07:50:46,2025-05-15 07:52:21,2025,5,15
р╕Шр╕гр╕гр╕бр╕ир╕▓р╕кр╕Хр╕гр╣М,#dek70,@AuanLaew,"р╣Ар╕Др╕бр╕╡
#dek68 #dek69 #dek70 #р╣Ар╕Фр╣Зр╕Бр╕Лр╕┤р╣Ир╕з #tgat #tpat1 #alevel #р╕кр╣Ир╕Зр╕Хр╣Ир╕нр╕лр╕Щр╕▒р╕Зр╕кр╕╖р╕н 
(2)",2025-05-15 07:49:35,2025-05-15 07:52:21,2025,5,15
р╕Шр╕гр╕гр╕бр╕ир╕▓р╕кр╕Хр╕гр╣М,#dek70,@secondstudyy_,"р╕лр╕Щр╕▒р╕Зр╕кр╕╖р╕н CUTEP р╕бр╕╖р╕нр╕кр╕нр╕З р╕кр╕ар╕▓р╕Юр╣Гр╕лр╕бр╣Ир╣Ар╕нр╕╡р╣Ир╕вр╕б р╣Др╕бр╣Ир╕бр╕╡р╣Ар╕Вр╕╡р╕вр╕Щ р╕бр╕╡р╕Лр╕╡р╕Фр╕╡
* р╕гр╕▓р╕Др╕▓р╣Гр╕Щр╕ар╕▓р╕Юр╕гр╕зр╕бр╕кр╣Ир╕Зр╣Бр╕ер╣Йр╕зр╕Др╣Ир╕▓ 
.
.
( kw : р╣Ар╕Хр╕гр╕╡р╕вр╕бр╕кр╕нр╕Ъ cu-tep / р╕Юр╕┤р╕Кр╕┤р╕Х cu-tep 100+ / cu-tep listening)
#cutep #р╕лр╕Щр╕▒р╕Зр╕кр╕╖р╕нр╣Ар╕Хр╕гр╕╡р╕вр╕бр╕кр╕нр╕Ър╕бр╕╖р╕нр╕кр╕нр╕З #р╕лр╕Щр╕▒р╕Зр╕кр╕╖р╕нcutep #р╕лр╕Щр╕▒р╕Зр╕кр╕╖р╕нр╕бр╕╖р╕нр╕кр╕нр╕Зр╕кр╕ар╕▓р╕Юр╕Фр╕╡ #dek69 #dek70 #dek71 #р╕лр╕Щр╕▒р╕Зр╕кр╕╖р╕нр╕бр╕╖р╕н2 #р╕лр╕Щр╕▒р╕Зр╕кр╕╖р╕нр╕ар╕▓р╕йр╕▓р╕нр╕▒р╕Зр╕Бр╕др╕й",2025-05-15 07:48:29,2025-05-15 07:52:21,2025,5,15
р╕Шр╕гр╕гр╕бр╕ир╕▓р╕кр╕Хр╕гр╣М,#dek70,@AuanLaew,"р╕бр╕▓р╕бр╕╕р╕Зр╕Зр╕▒р╕Ъ р╣Гр╕Др╕гр╕кр╕Щр╣Гр╕Ир╣Ар╕ер╣Ир╕бр╣Др╕лр╕Щр╣Ар╕Фр╕бр╕бр╕▓р╣Ар╕Фр╣Лр╕нр╕нр╕н
р╕кр╣Ир╕Зр╕Хр╣Ир╕нр╕лр╕Щр╕▒р╕Зр╕кр╕╖р╕нр╕Ыр╕ер╣Ир╕нр╕вр╕лр╕Щр╕▒р╕Зр╣Ар╕гр╕╡р╕вр╕Щр╣Ар╕Хр╕гр╕╡р╕вр╕бр╕кр╕нр╕Ър╕кр╕ар╕▓р╕Юр╕Фр╕╡ р╕Ър╕▓р╕Зр╣Ар╕ер╣Ир╕бр╣Др╕бр╣Ир╣Ар╕Др╕вр╣Ар╕Ыр╕┤р╕Фр╕нр╣Ир╕▓р╕Щр╣Гр╕лр╕бр╣Ир╕бр╕▓р╕Б
р╣Бр╕Хр╣Ир╕бр╕╡р╕Ър╕▓р╕Зр╣Ар╕ер╣Ир╕бр╣Ар╕вр╕┤р╕Щр╕лр╕Щр╣Ир╕нр╕в р╕Ыр╕ер╣Ир╕нр╕вр╕гр╕▓р╕Др╕▓р╕Хр╕▓р╕бр╕кр╕ар╕▓р╕Ю...р╕Др╣Ир╕▓р╕кр╣Ир╕З35 р╣Ар╕ер╣Ир╕бр╕Цр╕▒р╕Фр╣Др╕Ы+5
#р╕кр╣Ир╕Зр╕Хр╣Ир╕нр╕лр╕Щр╕▒р╕Зр╕кр╕╖р╕н #dek68 #dek69 #dek70 #tgat #tpat1 #alevel #р╣Ар╕Фр╣Зр╕Бр╕Лр╕┤р╣Ир╕з
р╕Яр╕┤р╕кр╕┤р╕Бр╕кр╣М (1) р╕бр╕╡р╕Хр╣Ир╕н",2025-05-15 07:48:17,2025-05-15 07:52:21,2025,5,15
р╕Шр╕гр╕гр╕бр╕ир╕▓р╕кр╕Хр╕гр╣М,#dek70,@23_daisxjj,р╕кр╣Ир╕Зр╕Яр╕гр╕╡р╕Чр╕╕р╕Бр╣Ар╕ер╣Ир╕б р╕Ыр╕ер╣Ир╕нр╕вр╕Хр╣Ир╕нр╕лр╕Щр╕▒р╕Зр╕кр╕╖р╕н р╕кр╕ар╕▓р╕Юр╣Гр╕лр╕бр╣Ир╕бр╕╖р╕н 1 р╣Др╕бр╣Ир╕бр╕╡р╕гр╕нр╕вр╕Вр╕╡р╕Фр╣Ар╕Вр╕╡р╕вр╕Щ р╕Ър╕▓р╕Зр╣Ар╕ер╣Ир╕бр╣Др╕бр╣Ир╣Ар╕Др╕вр╣Ар╕Ыр╕┤р╕Ф р╕лр╕ер╕▓р╕вр╣Ар╕ер╣Ир╕бр╕ер╕Фр╣Др╕Фр╣Й (р╕Вр╕нр╕Фр╕╣р╣Ар╕Юр╕┤р╣Ир╕бр╣Ар╕Хр╕┤р╕бр╣Др╕Фр╣Йр╕Др╣Ир╕░) #dek69 #dek70 #р╕Ыр╕ер╣Ир╕нр╕вр╕лр╕Щр╕▒р╕Зр╕кр╕╖р╕н #р╕лр╕Щр╕▒р╕Зр╕кр╕╖р╕нр╣Ар╕Хр╕гр╕╡р╕вр╕бр╕кр╕нр╕Ър╕бр╕╖р╕нр╕кр╕нр╕З #р╕лр╕Щр╕▒р╕Зр╕кр╕╖р╕нр╣Ар╕Хр╕гр╕╡р╕вр╕бр╕кр╕нр╕Ър╣Ар╕Вр╣Йр╕▓р╕бр╕лр╕▓р╕ер╕▒р╕в,2025-05-15 07:46:15,2025-05-15 07:52:21,2025,5,15
р╕Шр╕гр╕гр╕бр╕ир╕▓р╕кр╕Хр╕гр╣М,#р╕бр╕нр╕Чр╣Ир╕н,@WdiWngkh,р╕кр╕┤р╣Ир╕Зр╕Чр╕╡р╣Ир╕Хр╕гр╕╢р╕Зр╣Гр╕Ир╕Бр╕╕р╕кр╕╕р╕Фр╣Гр╕Щр╣Ар╕Фр╕╖р╕нр╕Щр╕Щр╕╡р╣Йр╕Др╕╖р╕нр╕ер╕╕р╕Зр╕гр╣Йр╕▓р╕Щр╕Щр╣Йр╕│р╕лр╕нр╕бр╕Чр╕╡р╣И р╕нр╕Хр╕Л р╕Ър╕нр╕Бр╕Бр╕╣р╕зр╣Ир╕▓р╕Щр╣Йр╕│р╕лр╕нр╕бр╕Вр╕нр╕Зр╕Бр╕╣р╕лр╕нр╕бр╕Хр╕гр╕Зр╣Др╕лр╕Щр╕Ыр╣Йр╕▓р╕Бр╕╣р╕лр╕ер╕нр╕Бр╕Вр╕▓р╕вр╕Бр╕╣р╣Бр╕ер╣Йр╕з р╣Бр╕ер╕░р╣Бр╕Лр╕░р╕Бр╕╣р╕зр╣Ир╕▓р╕Чр╕│р╣Др╕бр╣Др╕бр╣Ир╣Ар╕Вр╣Йр╕▓Abacр╕Чр╕▒р╣Йр╕Зр╣Жр╕Чр╕╡р╣Ир╕ер╕╕р╕Зр╣Ар╕нр╕Зр╕бр╕▓р╕Вр╕▓р╕вр╕Вр╕нр╕Зр╕Чр╕│р╣Др╕бр╕нр╕вр╕╣р╣Ир╕бр╕нр╕Чр╣Ир╕н #р╕бр╕нр╕Чр╣Ир╕н #р╕Кр╕╡р╕зр╕┤р╕Хр╕Фр╕╡р╣Жр╕Чр╕╡р╣Ир╣Ар╕ер╕╖р╕нр╕Бр╣Ар╕нр╕Зр╣Др╕Фр╣Й  #р╣Ар╕Хр╕гр╕╡р╕вр╕бр╕Щр╣Йр╕нр╕бeverywhere #р╣Ар╕Юр╕гр╕▓р╕░р╕Чр╕╕р╕Бр╕Чр╕╡р╣Ир╕бр╕╡р╣Ар╕Фр╣Зр╕Бр╣Ар╕Хр╕гр╕╡р╕вр╕бр╕Щр╣Йр╕нр╕б #р╕Хр╕нр╕Щр╕Фр╕┤р╕зр╕░,2025-02-28 15:29:03,2025-05-15 07:54:18,2025,2,28
р╕Шр╕гр╕гр╕бр╕ир╕▓р╕кр╕Хр╕гр╣М,#р╕бр╕нр╕Чр╣Ир╕н,@ttaattaac,р╕Др╕╖р╕нр╕Кр╕зр╕Щр╣Бр╕ер╣Йр╕зр╕Ир╕░р╕бр╕▓р╕лр╕гр╕н #р╕бр╕нр╕Чр╣Ир╕н #sc3 #р╕нр╣Ар╕бр╕Лр╕нр╕Щ,2025-02-01 20:04:07,2025-05-15 07:54:18,2025,2,1
р╕Шр╕гр╕гр╕бр╕ир╕▓р╕кр╕Хр╕гр╣М,#р╕бр╕нр╕Чр╣Ир╕н,@thelonerp,#kavetu #р╕бр╕Ш #р╕бр╕нр╕Чр╣Ир╕н #р╕бр╕Б #р╕гр╕▒р╕Зр╕кр╕┤р╕Х р╕кр╕Щр╣Гр╕Ир╕Лр╕╖р╣Йр╕нр╕кр╕┤р╕Чр╕Шр╕┤р╣Мр╕Ир╕нр╕Фр╕гр╕Ц р╕Др╕нр╕Щр╣Вр╕Ф kave tu р╕Др╣Ир╕░ р╕Лр╕╖р╣Йр╕нр╕Ир╕нр╕Фр╣Ар╕нр╕З,2024-07-08 09:33:41,2025-05-15 07:54:19,2024,7,8
р╕Шр╕гр╕гр╕бр╕ир╕▓р╕кр╕Хр╕гр╣М,#р╕бр╕нр╕Чр╣Ир╕н,@iwanttobeurn,"р╕вр╕┤р╕Щр╕Фр╕╡р╕Бр╕▒р╕Ър╕Щр╣Йр╕нр╕Зр╣Жр╕зр╕┤р╕ир╕зр╕░р╕нр╕╕р╕Хр╕кр╕▓р╕лр╕Бр╕▓р╕гр╕Чр╕╕р╕Бр╕Др╕Щр╕Фр╣Йр╕зр╕вр╕Щр╕░р╕Др╕░
р╕Фр╕╡р╣Гр╕Ир╣Ар╕кр╕гр╣Зр╕Ир╣Бр╕ер╣Йр╕зр╕нр╕вр╣Ир╕▓р╕ер╕╖р╕бр╕вр╕╖р╕Щр╕вр╕▒р╕Щр╕кр╕┤р╕Чр╕Шр╕┤р╣Мр╣Бр╕ер╕░р╕Бр╕Фр╣Ар╕Вр╣Йр╕▓Line groupр╕Фр╣Йр╕зр╕вр╕Щр╣Йр╕▓ р╕Юр╕╡р╣Ир╣Жр╕гр╕нр╕нр╕вр╕╣р╣Ир╕Др╕▒р╣Йр╕Ъ

https://line.me/ti/g/AsTaQGHP94

#р╕зр╕┤р╕ир╕зр╕░ #р╕зр╕┤р╕Фр╕зр╕░р╕бр╕Ш #р╕Чр╕╡р╕бр╕бр╕Ш #р╕бр╕нр╕Чр╣Ир╕н #р╕зр╕┤р╕ир╕зр╕░р╕бр╕Ш #р╕зр╕┤р╕ир╕зр╕бр╕Ш #р╕зр╕┤р╕Фр╕зр╕░р╕нр╕╕р╕Хр╕бр╕Ш #tse #tse35 #tu #DEk67 
#Tcas67",2024-05-20 01:16:01,2025-05-15 07:54:19,2024,5,20
р╕Шр╕гр╕гр╕бр╕ир╕▓р╕кр╕Хр╕гр╣М,#р╕бр╕нр╕Чр╣Ир╕н,@fluffyxbubble,"How to get to Thammasat university Tha Prachan campus ??
Anyone who wants to travel here, donтАЩt worry!! 
We have gather an easy way for you. 
Let's meet soon!
#Thammasat #TU #university #р╕Чр╣Ир╕▓р╕Юр╕гр╕░р╕Ир╕▒р╕Щр╕Чр╕гр╣М #р╕бр╕нр╕Чр╣Ир╕н #р╕Шр╕гр╕гр╕бр╕ир╕▓р╕кр╕Хр╕гр╣М #р╕бр╕Ш #р╕Чр╕╡р╕бр╕бр╕Ш",2024-03-07 13:39:34,2025-05-15 07:54:19,2024,3,7
р╕Шр╕гр╕гр╕бр╕ир╕▓р╕кр╕Хр╕гр╣М,#р╕бр╕нр╕Чр╣Ир╕н,@maimeetungka_ji,р╕Эр╕Щр╕Хр╕Бр╣Ар╕лр╕╡р╣Йр╕вр╕нр╕░р╣Др╕гр╕Чр╕╕р╕Бр╕зр╕▒р╕Щр╕Бр╕╕р╣Ар╕Ыр╕╡р╕вр╕Бр╣Др╕Ыр╕лр╕бр╕Фр╕нр╕┤р╕лр╕╡ #р╕бр╕нр╕Чр╣Ир╕н,2023-10-21 10:31:24,2025-05-15 07:54:19,2023,10,21
р╕Шр╕гр╕гр╕бр╕ир╕▓р╕кр╕Хр╕гр╣М,#р╕бр╕нр╕Чр╣Ир╕н,@2646_yang,"#р╕бр╕нр╕Чр╣Ир╕н р╣Ар╕нр╕▓р╕нр╕╡р╕Бр╣Бр╕ер╣Йр╕зр╕лр╕зр╣Ир╕░ р╕Бр╕Бр╕Х.р╕бр╕Ш. р╕Др╕зр╕гр╣Ар╕Ыр╣Зр╕Щр╕Бр╕ер╕▓р╕Зр╕Чр╕▓р╕Зр╕Бр╕▓р╕гр╣Ар╕бр╕╖р╕нр╕З 

р╣Бр╕Хр╣Ир╣Др╕бр╣Ир╕Щр╣Ир╕▓р╣Ар╕Кр╕╖р╣Ир╕нр╕зр╣Ир╕▓ р╕Др╕Щр╕Чр╕╡р╣Ир╕Фр╕│р╕гр╕Зр╕Хр╕│р╣Бр╕лр╕Щр╣Ир╕Зр╣Ар╕Ыр╣Зр╕Щр╕Цр╕╢р╕З р╕Ыр╕Ш.р╕Бр╕Бр╕Х. р╕Бр╕ер╕▒р╕Ър╕ер╕Зр╕бр╕▓р╣Ар╕ер╣Ир╕Щр╣Гр╕Щр╕кр╕Щр╕▓р╕бр╕Бр╕▓р╕гр╣Ар╕бр╕╖р╕нр╕Зр╕Фр╣Йр╕зр╕вр╕Хр╕▒р╕зр╣Ар╕нр╕З р╣Бр╕ер╣Йр╕зр╣Бр╕кр╕Фр╕Зр╕нр╕Др╕Хр╕┤р╕нр╕вр╣Ир╕▓р╕Зр╕нр╕нр╕Бр╕гр╕кр╕нр╕нр╕Бр╕Кр╕▓р╕Хр╕┤р╕бр╕▓р╕Б",2023-09-21 13:54:50,2025-05-15 07:54:19,2023,9,21
р╕Шр╕гр╕гр╕бр╕ир╕▓р╕кр╕Хр╕гр╣М,#р╕бр╕нр╕Чр╣Ир╕н,@sukpapmai,"р╕Бр╕ер╕╕р╣Ир╕бр╣Др╕ер╕Щр╣М р╕Фр╕┤р╕кр╕Др╕нр╕гр╣Мр╕Ф 
cs38 р╕Др╕гр╕▒р╕Ър╕Ъ
р╕бр╕Ш.

#р╕бр╕Ш #р╕Чр╕╡р╕бр╕бр╕Ш #cstu38 #cs #comsci #cstu #dek66 #р╕зр╕┤р╕Чр╕вр╣Мр╕Др╕нр╕бр╕бр╕Ш #р╕зр╕┤р╕Чр╕вр╕▓р╕Бр╕▓р╕гр╕Др╕нр╕бр╕Юр╕┤р╕зр╣Ар╕Хр╕нр╕гр╣М #р╕зр╕┤р╕Фр╕Др╕нр╕б #р╕зр╕┤р╕Чр╕Др╕нр╕б #р╕зр╕┤р╕Чр╕вр╣Мр╕Др╕нр╕б
#р╕Др╕нр╕бр╕Лр╕▓р╕в #tu #cstu #р╕бр╕нр╕Чр╣Ир╕н #TCAS66",2023-05-20 16:18:30,2025-05-15 07:54:19,2023,5,20
р╕Шр╕гр╕гр╕бр╕ир╕▓р╕кр╕Хр╕гр╣М,#р╕бр╕нр╕Чр╣Ир╕н,@_ppyp___,р╕ер╕Фр╣Др╕Фр╣Йр╕нр╕╡р╕Бр╕Щр╕░р╕Др╕▒р╕Ър╣Жр╣Жр╣Жр╣Жр╣Ж р╕Чр╕▒р╕Бр╕бр╕▓р╕Хр╣Ир╕нр╕гр╕нр╕Зр╣Др╕Фр╣Йр╣Ар╕ер╕вр╕вр╕вр╕вр╕в #р╕Вр╕▓р╕вр╕кр╕▒р╕Нр╕Нр╕▓р╕лр╕нр╕бр╕Ш #р╕лр╕▓р╕лр╕нр╕бр╕Ш #р╕бр╕Ш #р╕лр╕нр╕Юр╕▒р╕Бр╕бр╕Ш #р╕лр╕нр╕бр╕Ш #р╕бр╕нр╕Чр╣Ир╕н #р╕Чр╕╡р╕бр╕бр╕Ш https://x.com/_ppyp___/statu/_ppyp___/status/1637115253640298497тАж,2023-03-22 14:21:11,2025-05-15 07:54:19,2023,3,22
р╕Шр╕гр╕гр╕бр╕ир╕▓р╕кр╕Хр╕гр╣М,#TU89,@kanomcaketutor,"р╕гр╕▒р╕Ър╕кр╕нр╕Щр╕Юр╕┤р╣Ар╕ир╕йр╕Щр╣Йр╕▓ р╣Гр╕Др╕гр╕лр╕▓р╕Хр╕┤р╕зр╣Ар╕Хр╕нр╕гр╣М р╕лр╕▓р╕Др╕Щр╕кр╕нр╕Щр╕нр╕вр╕╣р╣И р╕Цр╕▓р╕бр╣Др╕Фр╣Йр╕Др╣Ир╕▓ р╕нр╕▒р╕Зр╕Бр╕др╕й р╕зр╕┤р╕Чр╕вр╣М р╕Яр╕┤р╕кр╕┤р╕Бр╕кр╣М р╣Ар╕Др╕бр╕╡ р╕Кр╕╡р╕зр╕░ р╕Др╕Ур╕┤р╕Х р╣Др╕Чр╕вр╕кр╕▒р╕Зр╕Др╕б
р╕Хр╕┤р╕з a-level netsat р╣Ар╕Юр╕┤р╣Ир╕бр╣Ар╕Бр╕гр╕Ф р╕кр╕нр╕Ър╣Ар╕Вр╣Йр╕▓р╕б.4 р╕б.1 р╕бр╕лр╕▓р╕ер╕▒р╕в
р╕ар╕▓р╕йр╕▓р╕Ир╕╡р╕Щ р╕Нр╕╡р╣Ир╕Ыр╕╕р╣Ир╕Щ р╣Ар╕Бр╕▓р╕лр╕ер╕╡ р╕Эр╕гр╕▒р╣Ир╕Зр╣Ар╕ир╕к
cutep tuget sat verbal math ielts cu-aat ats 
#dek68 #tcas68 #alevel69 #dek69 #tgat #tu89",2025-05-15 05:54:30,2025-05-15 07:54:11,2025,5,15
р╕Шр╕гр╕гр╕бр╕ир╕▓р╕кр╕Хр╕гр╣М,#TU89,@mrezanugerah,"р╕гр╕▒р╕Ър╕кр╕нр╕Щр╕Юр╕┤р╣Ар╕ир╕й р╕Др╕Ур╕┤р╕Х р╕нр╕▒р╕Зр╕Бр╕др╕й р╣Ар╕Др╕бр╕╡ р╕Кр╕╡р╕зр╕░ р╕зр╕┤р╕Чр╕вр╣М р╕Яр╕┤р╕кр╕┤р╕Бр╕кр╣М

р╣Ар╕Юр╕┤р╣Ир╕бр╣Ар╕Бр╕гр╕Ф р╕б1-р╕б6 р╕кр╕нр╕Ър╣Ар╕Вр╣Йр╕▓р╕б.4
р╕Хр╕┤р╕зA-level TPAT1 TPAT3 TPAT5 IELTS SAT

р╣Вр╕Фр╕вр╕Юр╕╡р╣Ир╕Др╕Ур╕░р╣Бр╕Юр╕Чр╕вр╣М р╕Чр╕▒р╕Щр╕Хр╕░ р╣Ар╕ар╕кр╕▒р╕К
р╕Ир╕╕р╕мр╕▓ р╕бр╕Ш р╕гр╕▓р╕бр╕▓ р╕бр╕лр╕┤р╕Фр╕е р╕бр╕ир╕з р╕бр╕В р╕бр╕К
#dek70 #р╕кр╕нр╕Щр╕Юр╕┤р╣Ар╕ир╕й #TCAS68 #TU89 #dek72 #dek68 #р╣Ар╕гр╕╡р╕вр╕Щр╕Юр╕┤р╣Ар╕ир╕й #р╕зр╕бр╕з #dek69 #Alevel68 #mwit #р╕гр╕▒р╕Ър╕кр╕нр╕Щр╕Юр╕┤р╣Ар╕ир╕й #psm69",2025-05-15 05:44:34,2025-05-15 07:54:11,2025,5,15
р╕Шр╕гр╕гр╕бр╕ир╕▓р╕кр╕Хр╕гр╣М,#TU89,@nongcakeishappy,"р╕лр╕▓р╕Хр╕┤р╕зр╣Ар╕Хр╕нр╕гр╣М р╕лр╕▓р╕Др╕Щр╕кр╕нр╕Щр╕нр╕вр╕╣р╣И р╕Цр╕▓р╕бр╣Др╕Фр╣Йр╕Щр╣Йр╕▓р╕Юр╕╡р╣Ир╕гр╕▒р╕Ър╕кр╕нр╕Щр╕нр╕▒р╕Зр╕Бр╕др╕й р╕зр╕┤р╕Чр╕вр╣М р╕Яр╕┤р╕кр╕┤р╕Бр╕кр╣М р╣Ар╕Др╕бр╕╡ р╕Кр╕╡р╕зр╕░ р╣Др╕Чр╕вр╕кр╕▒р╕Зр╕Др╕б р╕Др╕Ур╕┤р╕Х р╕Эр╕гр╕▒р╣Ир╕Зр╣Ар╕ир╕к р╣Ар╕Бр╕▓р╕лр╕ер╕╡ р╕Нр╕╡р╣Ир╕Ыр╕╕р╣Ир╕Щ р╕Ир╕╡р╕Щ р╕кр╣Ар╕Ыр╕Щ /р╕Хр╕┤р╕зр╕кр╕нр╕Ър╣Ар╕Вр╣Йр╕▓р╕б.1 р╕б.4 a-level netsat tgat toeic ielts siit igcse cutep tuget sat cu-aat ats muic /
(┬ауГ╗уГ╗)уБд-тЩея╕ОтЩея╕ОтЩея╕О #alevel69 #tu89 #tgat #dek69 #netsat",2025-05-15 04:03:18,2025-05-15 07:54:11,2025,5,15
р╕Шр╕гр╕гр╕бр╕ир╕▓р╕кр╕Хр╕гр╣М,#TU89,@K962739143653,"#tu90 #tu89 #dek68 #р╕кр╣Ир╕Зр╕Хр╣Ир╕нр╕лр╕Щр╕▒р╕Зр╕кр╕╖р╕нр╣Ар╕гр╕╡р╕вр╕Щ #р╕кр╣Ир╕Зр╕Хр╣Ир╕нр╕лр╕Щр╕▒р╕Зр╕кр╕╖р╕нр╕бр╕╖р╕нр╕кр╕нр╕З #р╕лр╕Щр╕▒р╕Зр╕кр╕╖р╕нр╕бр╕╖р╕н2 #р╕кр╣Ир╕Зр╕Хр╣Ир╕нр╕лр╕Щр╕▒р╕Зр╕кр╕╖р╕нр╣Ар╕Хр╕гр╕╡р╕вр╕бр╕кр╕нр╕Ъ #mwit35 #kvis11 #mwit36 #kvis12 

р╕Др╕Ур╕┤р╕Х р╕н.р╕гр╕▒р╕Кр╕Юр╕е mwitр╕гр╕нр╕Ъ2 р╕кр╕нр╕зр╕Щ.р╣Ар╕Др╕бр╕╡
р╕бр╕▒р╕Бр╕бр╕▓р╕Фр╕╣р╣Гр╕Щр╣Ар╕ер╣Ир╕бр╕Бр╣Ир╕нр╕Щр╣Др╕Фр╣Й",2025-05-15 03:49:17,2025-05-15 07:54:11,2025,5,15
р╕Шр╕гр╕гр╕бр╕ир╕▓р╕кр╕Хр╕гр╣М,#TU89,@kanomcaketutor,"р╕лр╕▓р╕Хр╕┤р╕зр╣Ар╕Хр╕нр╕гр╣М р╕лр╕▓р╕Др╕Щр╕кр╕нр╕Щ р╕Юр╕╡р╣Ир╕гр╕▒р╕Ър╕кр╕нр╕Щр╕Юр╕┤р╣Ар╕ир╕йр╕Щр╣Йр╕▓

р╕нр╕▒р╕Зр╕Бр╕др╕й р╕зр╕┤р╕Чр╕вр╣М р╕Яр╕┤р╕кр╕┤р╕Бр╕кр╣М р╣Ар╕Др╕бр╕╡ р╕Кр╕╡р╕зр╕░ р╕Др╕Ур╕┤р╕Х р╣Др╕Чр╕вр╕кр╕▒р╕Зр╕Др╕б
a-level netsat р╣Ар╕Юр╕┤р╣Ир╕бр╣Ар╕Бр╕гр╕Ф р╕кр╕нр╕Ър╣Ар╕Вр╣Йр╕▓р╕б.4 р╕б.1 р╕бр╕лр╕▓р╕ер╕▒р╕в
р╕ар╕▓р╕йр╕▓р╕Ир╕╡р╕Щ р╕Нр╕╡р╣Ир╕Ыр╕╕р╣Ир╕Щ р╣Ар╕Бр╕▓р╕лр╕ер╕╡ р╕Эр╕гр╕▒р╣Ир╕Зр╣Ар╕ир╕к
cutep tuget sat verbal math ielts toeic 

#smte #dek71 #dek72 #tu89 #psm69 #mwit #р╕Ир╕а #р╕кр╕нр╕Ър╣Ар╕Вр╣Йр╕▓р╕б4 #р╕зр╕бр╕з #dek70",2025-05-15 02:27:19,2025-05-15 07:54:11,2025,5,15
р╕Шр╕гр╕гр╕бр╕ир╕▓р╕кр╕Хр╕гр╣М,#TU89,@studywithmelly,"; ЁЭУбecap 15 ЁЭУЬay

  !р╕зр╕▒р╕Щр╕Щр╕╡р╣Йр╣Ар╕гр╕╡р╕вр╕Щр╣Ар╕лр╕Щр╣Ир╕вр╕бр╕▓р╕Фр╕Бр╕▓р╕гр╕Ър╣Йр╕▓р╕Щр╕Др╕Щр╕┤р╕Фр╕Др╕╖р╕нр╕вр╕▓р╕Бmak р╕Бр╕ер╕▒р╕Ър╕бр╕▓р╣Ар╕Бр╣Ир╕Ър╣Ар╕Др╕бр╕╡р╣Др╕Фр╣Йр╕нр╕╡р╕Б3hrр╕Ир╕▓р╕Ир╕Ър╣Ар╕ер╣Ир╕бр╣Ар╣Ар╕ер╣Йр╕з р╕╕р╕┤ р╕вр╕▓р╕Зр╕лр╕▓р╣Ар╕Др╕бр╕╡р╣Ар╕ер╣Ир╕бр╕Чр╕╡р╣Ир╕Цр╕╕р╕Бр╣Гр╕Ир╕бр╣Ир╕▓р╕вр╕Фр╣Йр╕▓р╕вр╣Ар╕ер╕вр╣Гр╕Др╕гр╕бр╕╡р╕Чр╕▒р╕Бр╕бр╕▓р╣Ар╣Ар╕Щр╕░р╕Щр╕│р╣Др╕Фр╣Йр╕Щр╣Йр╕▓ р╕Ир╕▓р╕Вр╕╢р╣Йр╕Щр╕Др╕Щр╕┤р╕Фр╣Ар╣Ар╕гр╕░р╕Фр╕╡р╣Гр╕Ир╕бр╕▓р╕Фр╕Щр╕▒р╕Ър╕Цр╕нр╕вр╕лр╕ер╕▒р╕Зр╕нр╕╡р╕Бр╕Щр╕▓р╕Ир╕▓10р╕Ир╕▓р╕кр╕нр╕Ър╣Ар╕Вр╣Йр╕▓р╣Ар╕Хр╕гр╕╡р╕вр╕бр╣Ар╣Ар╕ер╣Йр╕зр╕Вр╕нр╣Гр╕лр╣Йр╕Хр╕┤р╕Фр╕Щр╕░р╕кр╕▓р╕Чр╕╕

{#ЁЭТоtudywithmeleiei #dek72 #tu89}",2025-05-15 01:27:44,2025-05-15 07:54:22,2025,5,15
р╕Др╕Ур╕░р╕Щр╕┤р╕Хр╕┤р╕ир╕▓р╕кр╕Хр╕гр╣М,#р╕Щр╕┤р╕Хр╕┤р╕ир╕▓р╕кр╕Хр╕гр╣М,@kuankIop21201,"р╕лр╕▓р╣Ар╕Юр╕╖р╣Ир╕нр╕Щ р╕Щр╕┤р╕Хр╕┤ р╕б.р╕гр╕▓р╕б р╕Др╕▒р╕Ъ
#р╣Ар╕бр╕Др╣Ар╕Яр╕гр╕Щ #р╕Щр╕┤р╕Хр╕┤р╕ир╕▓р╕кр╕Хр╕гр╣М #dek68 #р╕лр╕▓р╣Ар╕Юр╕╖р╣Ир╕нр╕Щр╣Ар╕гр╕╡р╕вр╕Щр╕гр╕▓р╕б",2025-05-15 06:05:16,2025-05-15 07:54:24,2025,5,15
р╕Др╕Ур╕░р╕Щр╕┤р╕Хр╕┤р╕ир╕▓р╕кр╕Хр╕гр╣М,#р╕Щр╕┤р╕Хр╕┤р╕ир╕▓р╕кр╕Хр╕гр╣М,@law_suandusit,"р╕нр╕▓р╕вр╕╕р╕кр╕┤р╕Ър╣Бр╕Ыр╕Фр╕Ыр╕╡р╕кр╕▓р╕бр╕▓р╕гр╕Цр╕Чр╕│р╕Бр╕▓р╕гр╕кр╕бр╕гр╕кр╣Др╕Фр╣Й р╣Ар╣Ар╕ер╣Йр╕зр╕нр╕▓р╕вр╕╕р╕Йр╕▒р╕Щр╣Ар╕Чр╣Ир╕▓р╣Др╕гр╕Цр╕╢р╕Зр╕Ир╕░р╣Ар╕лр╕бр╕▓р╕░р╕кр╕бр╕Бр╕▒р╕Ър╣Ар╕Шр╕н
#р╕Др╕│р╕Др╕бр╕Щр╕▒р╕Бр╕Бр╕Ор╕лр╕бр╕▓р╕вр╕кр╕▓р╕вр╕Ър╕▒р╕Щр╣Ар╕Чр╕┤р╕З
#р╕Щр╕┤р╕Хр╕┤р╕ир╕▓р╕кр╕Хр╕гр╣М #dek69
#р╣Вр╕гр╕Зр╣Ар╕гр╕╡р╕вр╕Щр╕Бр╕Ор╕лр╕бр╕▓р╕вр╣Бр╕ер╕░р╕Бр╕▓р╕гр╣Ар╕бр╕╖р╕нр╕З
#р╕кр╕зр╕Щр╕Фр╕╕р╕кр╕┤р╕Х #dek68",2025-05-14 23:54:32,2025-05-15 07:54:25,2025,5,14
р╕Др╕Ур╕░р╕Щр╕┤р╕Хр╕┤р╕ир╕▓р╕кр╕Хр╕гр╣М,#р╕Щр╕┤р╕Хр╕┤р╕ир╕▓р╕кр╕Хр╕гр╣М,@lawsspace,"р╕Др╕нр╕гр╣Мр╕кр╕Бр╕Ор╕лр╕бр╕▓р╕вр╣Ар╕Ър╕╖р╣Йр╕нр╕Зр╕Хр╣Йр╕Щр╣Ар╕гр╕┤р╣Ир╕бр╣Ар╕гр╕╡р╕вр╕Щр╣Бр╕ер╣Йр╕зр╕Щр╣Йр╕▓ 
р╕кр╕▓р╕бр╕▓р╕гр╕Цр╕Чр╕Фр╕ер╕нр╕Зр╕Хр╕┤р╕зр╣Др╕Фр╣Йр╕Ир╕▓р╕Бр╕Др╕ер╕┤р╕Ыр╣Гр╕Щр╣Др╕нр╕Ир╕╡р╕Щр╕░р╕Др╕░
#psm #psm68 #р╕кр╕▓р╕Шр╕┤р╕Хр╕Ыр╕гр╕░р╕кр╕▓р╕Щр╕бр╕┤р╕Хр╕г #р╕кр╕▓р╕Шр╕┤р╕Хр╕бр╕ир╕з #р╕гр╕▒р╕Рр╕ир╕▓р╕кр╕Хр╕гр╣М #р╕Щр╕┤р╕Хр╕┤р╕ир╕▓р╕кр╕Хр╕гр╣М #р╕кр╕нр╕Ър╣Ар╕Вр╣Йр╕▓р╕б4",2025-05-14 10:55:39,2025-05-15 07:54:25,2025,5,14
р╕Др╕Ур╕░р╕Щр╕┤р╕Хр╕┤р╕ир╕▓р╕кр╕Хр╕гр╣М,#р╕Щр╕┤р╕Хр╕┤р╕ир╕▓р╕кр╕Хр╕гр╣М,@mimip9m,"280 р╕гр╕зр╕бр╕кр╣Ир╕Зр╣Бр╕ер╣Йр╕з р╕лр╕Щр╕▒р╕Бр╕бр╕▓р╕Бр╕Др╣Ир╕░р╕░
р╣Др╕бр╣Ир╕бр╕╡р╕гр╕нр╕вр╕Фр╕┤р╕Щр╕кр╕нр╕нр╕░р╣Др╕гр╣Гр╕Фр╣Жр╣Ар╕ер╕в
р╕Вр╕нр╕Др╕ер╕┤р╕Ыр╕Юр╕Х.р╣Др╕Фр╣Йр╕Др╣Ир╕░ р╕бр╕╡р╕гр╕╡р╕зр╕┤р╕зр╕лр╕Щр╣Йр╕▓р╣Др╕Ър╣Вр╕н
р╕гр╕▓р╕Др╕▓р╣Ар╕Хр╣Зр╕б 440

#р╕кр╣Ир╕Зр╕Хр╣Ир╕нр╕лр╕Щр╕▒р╕Зр╕кр╕╖р╕н #р╕Щр╕┤р╕Хр╕┤р╕бр╕К #р╕Щр╕┤р╕Хр╕┤р╕ир╕▓р╕кр╕Хр╕гр╣М #р╕Щр╕┤р╕Хр╕┤р╕бр╕Ш #р╕Щр╕┤р╕Хр╕┤р╕бр╕ир╕з #р╕Щр╕┤р╕Хр╕┤р╕Ир╕╕р╕мр╕▓ #р╕кр╣Ир╕Зр╕Хр╣Ир╕нр╕Ыр╕гр╕░р╕бр╕зр╕е #dek66 #dek67 #dek68 #р╕кр╣Ир╕Зр╕Хр╣Ир╕нр╕лр╕Щр╕▒р╕Зр╕кр╕╖р╕нр╕Бр╕Ор╕лр╕бр╕▓р╕в #р╕лр╕Щр╕▒р╕Зр╕кр╕╖р╕нр╕Бр╕Ор╕лр╕бр╕▓р╕в",2025-05-14 10:43:11,2025-05-15 07:54:25,2025,5,14
р╕Др╕Ур╕░р╕Щр╕┤р╕Хр╕┤р╕ир╕▓р╕кр╕Хр╕гр╣М,#р╕Щр╕┤р╕Хр╕┤р╕ир╕▓р╕кр╕Хр╕гр╣М,@law_lecture,"р╕Бр╕▓р╕гр╕Вр╕нр╣Ар╕Юр╕┤р╕Бр╕Цр╕нр╕Щр╕лр╕гр╕╖р╕нр╣Бр╕Бр╣Йр╣Др╕Вр╕Бр╕▓р╕гр╕Ър╕▒р╕Зр╕Др╕▒р╕Ър╕Др╕Фр╕╡р╕Чр╕╡р╣Ир╣Др╕бр╣Ир╕Кр╕нр╕Ър╕Фр╣Йр╕зр╕вр╕Бр╕Ор╕лр╕бр╕▓р╕в р╕Хр╕▓р╕бр╕Ы.р╕зр╕┤.р╕Ю. р╕бр╕▓р╕Хр╕гр╕▓ 295

р╕лр╕▒р╕зр╕Вр╣Йр╕нр╕Щр╕╡р╣Йр╕нр╕нр╕Бр╕кр╕нр╕Ър╣Др╕Фр╣Й!

#lawstudent #р╕Щр╕┤р╕Хр╕┤р╕ир╕▓р╕кр╕Хр╕гр╣М #р╣Ар╕Щр╕Хр╕┤р╕Ър╕▒р╕Ур╕Ср╕┤р╕Х #р╕кр╕гр╕╕р╕Ыр╕Бр╕Ор╕лр╕бр╕▓р╕в #р╕Ър╕▒р╕Зр╕Др╕▒р╕Ър╕Др╕Фр╕╡",2025-05-14 04:41:51,2025-05-15 07:54:25,2025,5,14
р╕Др╕Ур╕░р╕Щр╕┤р╕Хр╕┤р╕ир╕▓р╕кр╕Хр╕гр╣М,#р╕Щр╕┤р╕Хр╕┤р╕ир╕▓р╕кр╕Хр╕гр╣М,@law_suandusit,"р╣Ар╕гр╕╡р╕вр╕Щр╕Бр╕Ор╕лр╕бр╕▓р╕вр╕Йр╕▒р╕Щр╕Бр╣Зр╣Гр╕Кр╣Йр╣Бр╕Хр╣Ир╕Ыр╕▓р╕Бр╕Бр╕▓ р╣Бр╕ер╣Йр╕зр╕Ир╕░р╕лр╕▓р╕Бр╕гр╕гр╣Др╕Бр╕гр╕Чр╕╡р╣Ир╣Др╕лр╕Щр╣Др╕Ыр╕Хр╕▒р╕Фр╣Гр╕Ир╕Ир╕▓р╕Бр╣Ар╕Шр╕нр╣Др╕Фр╣Й
#р╕Др╕│р╕Др╕бр╕Щр╕▒р╕Бр╕Бр╕Ор╕лр╕бр╕▓р╕вр╕кр╕▓р╕вр╕Ър╕▒р╕Щр╣Ар╕Чр╕┤р╕З
#р╕Щр╕┤р╕Хр╕┤р╕ир╕▓р╕кр╕Хр╕гр╣М #р╣Ар╕Фр╣Зр╕Бр╕Щр╕┤р╕Хр╕┤ 
#р╣Вр╕гр╕Зр╣Ар╕гр╕╡р╕вр╕Щр╕Бр╕Ор╕лр╕бр╕▓р╕вр╣Бр╕ер╕░р╕Бр╕▓р╕гр╣Ар╕бр╕╖р╕нр╕З
#р╕кр╕зр╕Щр╕Фр╕╕р╕кр╕┤р╕Х #dek68",2025-05-13 23:36:21,2025-05-15 07:54:27,2025,5,13
р╕Др╕Ур╕░р╕Щр╕┤р╕Хр╕┤р╕ир╕▓р╕кр╕Хр╕гр╣М,#р╕Щр╕┤р╕Хр╕┤р╕ир╕▓р╕кр╕Хр╕гр╣М,@FURRY1230,"р╕лр╕Щр╕▒р╕Зр╕кр╕╖р╕нр╕Бр╕Ор╕лр╕бр╕▓р╕вр╣Ар╕гр╕▓р╣Ар╕нр╕Зр╕Др╣Ир╕░ р╕кр╕ар╕▓р╕Юр╕Фр╕╡ 99%р╣Ар╕ер╕вр╕Др╣Ир╕░
р╕гр╕зр╕бр╕кр╣Ир╕Зр╕Др╣Ир╕░р╕гр╕▓р╕Др╕▓р╕ер╕Фр╕Ир╕▓р╕Бр╕Ыр╕Бр╣Бр╕ер╣Йр╕зр╕Щр╕░р╕Др╕░

#р╕лр╕Щр╕▒р╕Зр╕кр╕╖р╕нр╕Бр╕Ор╕лр╕бр╕▓р╕в #р╕Щр╕┤р╕Хр╕┤р╕ир╕▓р╕кр╕Хр╕гр╣М #р╕Щр╕┤р╕Хр╕┤р╕бр╕Ш #р╕Щр╕┤р╕Хр╕┤р╕бр╕ир╕з  #р╕Щр╕┤р╕Хр╕┤р╕Ир╕╕р╕мр╕▓ #р╕кр╣Ир╕Зр╕Хр╣Ир╕нр╕Ыр╕гр╕░р╕бр╕зр╕е #dek66 #dek67 #dek68 #р╕кр╣Ир╕Зр╕Хр╣Ир╕нр╕лр╕Щр╕▒р╕Зр╕кр╕╖р╕нр╕Бр╕Ор╕лр╕бр╕▓р╕в #р╕лр╕Щр╕▒р╕Зр╕кр╕╖р╕нр╕Бр╕Ор╕лр╕бр╕▓р╕в #р╕Щр╕┤р╕Хр╕┤ #р╕Щр╕┤р╕Хр╕┤р╕гр╕▓р╕б #р╕кр╣Ир╕Зр╕Хр╣Ир╕нр╕лр╕Щр╕▒р╕Зр╕кр╕╖р╕нр╣Ар╕Хр╕гр╕╡р╕вр╕бр╕кр╕нр╕Ъ",2025-05-13 16:17:58,2025-05-15 07:54:27,2025,5,13
р╕Др╕Ур╕░р╕Щр╕┤р╕Хр╕┤р╕ир╕▓р╕кр╕Хр╕гр╣М,#LawTU,@MinasaliMn,"тАФтАФ р╣Ар╕Шр╕гр╕Фр╕гр╕╡р╕зр╕┤р╕зр╕Др╕Ур╕░р╕Щр╕┤р╕Хр╕┤  р╕Ир╕▓р╕Бр╕Юр╕╡р╣Ир╣Ж р╣Бр╕Хр╣Ир╕ер╕░р╕бр╕н

(( р╕Ыр╕е.р╕Ир╕░р╕Юр╕вр╕▓р╕вр╕▓р╕бр╕гр╕зр╕Ър╕гр╕зр╕бр╣Гр╕лр╣Йр╣Др╕Фр╣Йр╣Ар╕вр╕нр╕░р╕Чр╕╡р╣Ир╕кр╕╕р╕Фр╕Щр╕░р╕Др╕░ р╕лр╕гр╕╖р╕нр╕Юр╕╡р╣Ир╣Жр╕Щр╕┤р╕Хр╕┤р╕Др╕Щр╣Др╕лр╕Щр╕Ьр╣Ир╕▓р╕Щр╕бр╕▓р╕Бр╣Йр╕гр╕╡р╕зр╕┤р╕зр╕Бр╕▒р╕Щр╣Др╕Фр╣Йр╕Щр╕░р╕Др╕░ ))

#dek68 #dek69 #dek70 #law #lawchula #lawtu #р╕Щр╕┤р╕Хр╕┤р╕бр╕Ш #р╕Щр╕┤р╕Хр╕┤р╕Ир╕╕р╕мр╕▓ #р╕Щр╕┤р╕Хр╕┤р╕гр╕▓р╕б #р╕Щр╕┤р╕Хр╕┤р╕бр╕Б #р╕Щр╕┤р╕Хр╕┤р╕бр╕В",2025-04-22 13:33:50,2025-05-15 07:56:19,2025,4,22
р╕Др╕Ур╕░р╕Щр╕┤р╕Хр╕┤р╕ир╕▓р╕кр╕Хр╕гр╣М,#LawTU,@MinasaliMn,"р╕кр╕нр╕Ър╕Цр╕▓р╕бр╕Др╣Ир╕▓ р╣Ар╕Ыр╣Зр╕Щр╕Юр╕╡р╣Ир╣Ж р╕Щр╕┤р╕Хр╕┤р╕м р╕Бр╕░ р╕Щр╕┤р╕Хр╕┤р╕бр╕Ш р╕Юр╕╡р╣Ир╣Жр╣Ар╕ер╕╖р╕нр╕Бр╕нр╕░р╣Др╕г+р╕Чр╕│р╣Др╕бр╕лр╕гр╕нр╕Др╕░р╕░
р╕лр╕гр╕╖р╕нр╕Юр╕╡р╣Ир╣Жр╕Др╕Щр╣Др╕лр╕Щр╕Хр╕┤р╕Фр╕Чр╕╡р╣Ир╣Др╕лр╕Щр╕бр╕▓р╣Бр╕Кр╕гр╣Мр╕Бр╕▒р╕Щр╣Др╕Фр╣Йр╕Щр╕░р╕Др╕░р╕░ : р╕кр╕▒р╕Зр╕Др╕б,р╕Бр╕▓р╕гр╣Ар╕гр╕╡р╕вр╕Щр╕Хр╣Ир╕▓р╕Зр╣Ж
р╕лр╕Щр╕╣р╕вр╕┤р╕Щр╕Фр╕╡р╕бр╣Йр╕▓р╕Бр╕Бр╕Бр╕Бр╕Цр╕╢р╕Зр╕бр╕▓р╕Бр╕Чр╕╡р╣Ир╕кр╕╕р╕Фр╕Фр╕Ф

#dek68 #dek69 #dek70 #lawchula #lawtu",2025-04-03 11:29:58,2025-05-15 07:56:19,2025,4,3
р╕Др╕Ур╕░р╕Щр╕┤р╕Хр╕┤р╕ир╕▓р╕кр╕Хр╕гр╣М,#LawTU,@Vanillaskiess28,#dek69 #lawtu #р╕Щр╕┤р╕Хр╕┤р╕бр╕Ш #р╕Щр╕┤р╕Хр╕┤р╕Ир╕╕р╕мр╕▓ #р╕Щр╕┤р╕Хр╕┤р╕гр╕▓р╕б #р╕лр╕Щр╕▒р╕Зр╕кр╕╖р╕нр╕Бр╕Ор╕лр╕бр╕▓р╕в #р╕кр╣Ир╕Зр╕Хр╣Ир╕нр╕лр╕Щр╕▒р╕Зр╕кр╕╖р╕нр╕Бр╕Ор╕лр╕бр╕▓р╕в #р╕кр╣Ир╕Зр╕Хр╣Ир╕нр╕лр╕Щр╕▒р╕Зр╕кр╕╖р╕н #dek68,2025-01-28 12:44:37,2025-05-15 07:56:19,2025,1,28
р╕Др╕Ур╕░р╕Щр╕┤р╕Хр╕┤р╕ир╕▓р╕кр╕Хр╕гр╣М,#LawTU,@Vanillaskiess28,#р╕Щр╕┤р╕Хр╕┤р╕бр╕Ш #р╕Щр╕┤р╕Хр╕┤р╕Ир╕╕р╕мр╕▓ #р╕кр╣Ир╕Зр╕Хр╣Ир╕нр╕лр╕Щр╕▒р╕Зр╕кр╕╖р╕н #р╕кр╣Ир╕Зр╕Хр╣Ир╕нр╕лр╕Щр╕▒р╕Зр╕кр╕╖р╕нр╕Бр╕Ор╕лр╕бр╕▓р╕в #р╕лр╕Щр╕▒р╕Зр╕кр╕╖р╕нр╕Бр╕Ор╕лр╕бр╕▓р╕в #р╕Щр╕┤р╕Хр╕┤р╕гр╕▓р╕б #dek68 #dek67 #lawtu,2025-01-28 12:43:47,2025-05-15 07:56:19,2025,1,28
р╕Др╕Ур╕░р╕Щр╕┤р╕Хр╕┤р╕ир╕▓р╕кр╕Хр╕гр╣М,#LawTU,@herrychl,"р╣Ар╕лр╕ер╕╖р╕нр╣Ар╕ер╣Ир╕бр╣Бр╕Фр╕З 
р╣Ар╕Др╣Йр╕▓р╕Ыр╕ер╣Ир╕нр╕в 75 р╕гр╕зр╕бр╕кр╣Ир╕Зр╕Др╕▒р╕Ър╕Ъ

#р╕Щр╕┤р╕Хр╕┤ #р╕Щр╕┤р╕Хр╕┤р╕бр╕Ш #themizlaw #lawtu #dek68 #р╕лр╕Щр╕▒р╕Зр╕кр╕╖р╕нр╕бр╕╖р╕нр╕кр╕нр╕З  #р╕лр╕Щр╕▒р╕Зр╕кр╕╖р╕нр╕бр╕╖р╕нр╕кр╕нр╕Зр╕кр╕ар╕▓р╕Юр╕Фр╕╡ #р╕кр╣Ир╕Зр╕Хр╣Ир╕нр╕лр╕Щр╕▒р╕Зр╕кр╕╖р╕н #dek69 https://x.com/herrychl/statu/herrychl/status/1866128227791692018тАж",2024-12-23 07:35:38,2025-05-15 07:56:20,2024,12,23
р╕Др╕Ур╕░р╕Щр╕┤р╕Хр╕┤р╕ир╕▓р╕кр╕Хр╕гр╣М,#LawTU,@herrychl,"р╣Ар╕лр╕бр╕▓ 220 р╕гр╕зр╕бр╕кр╣Ир╕З 

#р╕Щр╕┤р╕Хр╕┤ #р╕Щр╕┤р╕Хр╕┤р╕бр╕Ш #themizlaw #lawtu #dek68 #р╕лр╕Щр╕▒р╕Зр╕кр╕╖р╕нр╕бр╕╖р╕нр╕кр╕нр╕З  #р╕лр╕Щр╕▒р╕Зр╕кр╕╖р╕нр╕бр╕╖р╕нр╕кр╕нр╕Зр╕кр╕ар╕▓р╕Юр╕Фр╕╡ #р╕кр╣Ир╕Зр╕Хр╣Ир╕нр╕лр╕Щр╕▒р╕Зр╕кр╕╖р╕н #dek69 https://x.com/herrychl/statu/herrychl/status/1866128227791692018тАж",2024-12-21 14:46:35,2025-05-15 07:56:20,2024,12,21
р╕Др╕Ур╕░р╕Щр╕┤р╕Хр╕┤р╕ир╕▓р╕кр╕Хр╕гр╣М,#LawTU,@Vanillaskiess28,"р╕Вр╕▓р╕в #р╕лр╕Щр╕▒р╕Зр╕кр╕╖р╕нр╕Бр╕Ор╕лр╕бр╕▓р╕в **р╕бр╕Шр╕гр╕▒р╕Зр╕кр╕┤р╕Хр╕Щр╕▒р╕Фр╕гр╕▒р╕Ър╣Др╕Фр╣Й**
р╕Чр╕╕р╕Бр╣Ар╕ер╣Ир╕бр╣Гр╕лр╕бр╣И р╣Др╕бр╣Ир╕бр╕╡р╕гр╕нр╕вр╕Вр╕╡р╕Фр╣Ар╕Вр╕╡р╕вр╕Щр╕Др╣Ир╕░ 
- р╣Ар╕ер╣Ир╕б 1 (р╕лр╣Ир╕нр╕Ыр╕Б) : 300
- р╣Ар╕ер╣Ир╕б 2 : 300
- р╣Ар╕ер╣Ир╕б 3 : 280
- р╣Ар╕ер╣Ир╕б 4 : 200
р╕Чр╕╕р╕Бр╣Ар╕ер╣Ир╕бр╣Ар╕лр╕бр╕▓ :  1,000 р╕Ър╕▓р╕Чр╕Др╣Ир╕▓ 
#р╕Щр╕┤р╕Хр╕┤р╕гр╕▓р╕б #р╕Щр╕┤р╕Хр╕┤р╕бр╕Ш #р╕Щр╕┤р╕Хр╕┤р╕Ир╕╕р╕мр╕▓ #lawtu #lawchula #р╕лр╕Щр╕▒р╕Зр╕кр╕╖р╕нр╕Бр╕Ор╕лр╕бр╕▓р╕вр╕бр╕╖р╕нр╕кр╕нр╕З",2024-12-04 11:33:11,2025-05-15 07:56:20,2024,12,4
р╕Др╕Ур╕░р╕Щр╕┤р╕Хр╕┤р╕ир╕▓р╕кр╕Хр╕гр╣М,#TUlaw,@TULawOnline,"Tulane Law Online will be at Restore America's Estuaries today in Washington, D.C. Stop by Booth 39 to learn a little more and pick up a few cool treats. #RAEsummit #TULawOnline #TulaneLaw #TULaw",2024-10-07 14:32:31,2025-05-15 07:56:07,2024,10,7
р╕Др╕Ур╕░р╕Щр╕┤р╕Хр╕┤р╕ир╕▓р╕кр╕Хр╕гр╣М,#TUlaw,@TULawOnline,"Legal education is life changing. Combining industry experience with legal acumen, our students and alumni manage risk, ensure compliance, and push their organizations to embrace the future.  What can a law degree do for you? Be in that number. #TULaw",2024-09-23 11:03:10,2025-05-15 07:56:07,2024,9,23
р╕Др╕Ур╕░р╕Щр╕┤р╕Хр╕┤р╕ир╕▓р╕кр╕Хр╕гр╣М,#TUlaw,@TULawOnline,"Meet Professor Larry Kahn (left), who recently received the education award at the annual Trees & Utilities Conference. Professor Kahn teaches an innovative high quality course focused on energy law in our online program. Congrats Professor Kahn!  #TULaw #TULawOnline #RollWave",2024-09-21 10:27:35,2025-05-15 07:56:07,2024,9,21
р╕Др╕Ур╕░р╕Щр╕┤р╕Хр╕┤р╕ир╕▓р╕кр╕Хр╕гр╣М,#TUlaw,@TULawOnline,"In the proud Tulanian tradition of service, the MJ Program's students and alumni ensure compliance, manage risk, and help to build a better world! Want to be in that number? #TULaw #TULawOnline",2024-09-20 11:40:14,2025-05-15 07:56:08,2024,9,20
р╕Др╕Ур╕░р╕Щр╕┤р╕Хр╕┤р╕ир╕▓р╕кр╕Хр╕гр╣М,#TUlaw,@TULawOnline,The faculty and staff want to wish you a great year. Your success is our top priority. Together we make world class legal education accessible from where you are. Wanna be in that number? #TULawOnline #TULaw #DreamDoComeTrueinNewOrleans,2024-09-03 10:30:46,2025-05-15 07:56:08,2024,9,3
р╕Др╕Ур╕░р╕Щр╕┤р╕Хр╕┤р╕ир╕▓р╕кр╕Хр╕гр╣М,#TUlaw,@TULawOnline,Good morning! Happy Fall. Today is our first day of class in the Tulane Law Online programs. Welcome back returning students! And a special hearty welcome to our new Fall cohort. You got this. #TULaw #TULawOnline,2024-09-03 10:26:34,2025-05-15 07:56:08,2024,9,3
р╕Др╕Ур╕░р╕Щр╕┤р╕Хр╕┤р╕ир╕▓р╕кр╕Хр╕гр╣М,#TUlaw,@TULawOnline,"Get ahead in your career and grow your professional network with our online MJ in Labor & Employment Law. Learn more during our live webinar on September 27, and be sure to bring your questions! #Tulawonline #TUProud #TULaw Register here: тАж https://instagr.am/p/CxJUFzBPLJM/",2023-09-13 20:51:36,2025-05-15 07:56:28,2023,9,13
р╕Др╕Ур╕░р╕Щр╕┤р╕Хр╕┤р╕ир╕▓р╕кр╕Хр╕гр╣М,#р╕Щр╕┤р╕Хр╕┤р╕бр╕Ш,@mimip9m,"280 р╕гр╕зр╕бр╕кр╣Ир╕Зр╣Бр╕ер╣Йр╕з р╕лр╕Щр╕▒р╕Бр╕бр╕▓р╕Бр╕Др╣Ир╕░р╕░
р╣Др╕бр╣Ир╕бр╕╡р╕гр╕нр╕вр╕Фр╕┤р╕Щр╕кр╕нр╕нр╕░р╣Др╕гр╣Гр╕Фр╣Жр╣Ар╕ер╕в
р╕Вр╕нр╕Др╕ер╕┤р╕Ыр╕Юр╕Х.р╣Др╕Фр╣Йр╕Др╣Ир╕░ р╕бр╕╡р╕гр╕╡р╕зр╕┤р╕зр╕лр╕Щр╣Йр╕▓р╣Др╕Ър╣Вр╕н
р╕гр╕▓р╕Др╕▓р╣Ар╕Хр╣Зр╕б 440

#р╕кр╣Ир╕Зр╕Хр╣Ир╕нр╕лр╕Щр╕▒р╕Зр╕кр╕╖р╕н #р╕Щр╕┤р╕Хр╕┤р╕бр╕К #р╕Щр╕┤р╕Хр╕┤р╕ир╕▓р╕кр╕Хр╕гр╣М #р╕Щр╕┤р╕Хр╕┤р╕бр╕Ш #р╕Щр╕┤р╕Хр╕┤р╕бр╕ир╕з #р╕Щр╕┤р╕Хр╕┤р╕Ир╕╕р╕мр╕▓ #р╕кр╣Ир╕Зр╕Хр╣Ир╕нр╕Ыр╕гр╕░р╕бр╕зр╕е #dek66 #dek67 #dek68 #р╕кр╣Ир╕Зр╕Хр╣Ир╕нр╕лр╕Щр╕▒р╕Зр╕кр╕╖р╕нр╕Бр╕Ор╕лр╕бр╕▓р╕в #р╕лр╕Щр╕▒р╕Зр╕кр╕╖р╕нр╕Бр╕Ор╕лр╕бр╕▓р╕в",2025-05-14 10:43:11,2025-05-15 07:56:17,2025,5,14
р╕Др╕Ур╕░р╕Щр╕┤р╕Хр╕┤р╕ир╕▓р╕кр╕Хр╕гр╣М,#р╕Щр╕┤р╕Хр╕┤р╕бр╕Ш,@FURRY1230,"р╕лр╕Щр╕▒р╕Зр╕кр╕╖р╕нр╕Бр╕Ор╕лр╕бр╕▓р╕вр╣Ар╕гр╕▓р╣Ар╕нр╕Зр╕Др╣Ир╕░ р╕кр╕ар╕▓р╕Юр╕Фр╕╡ 99%р╣Ар╕ер╕вр╕Др╣Ир╕░
р╕гр╕зр╕бр╕кр╣Ир╕Зр╕Др╣Ир╕░р╕гр╕▓р╕Др╕▓р╕ер╕Фр╕Ир╕▓р╕Бр╕Ыр╕Бр╣Бр╕ер╣Йр╕зр╕Щр╕░р╕Др╕░

#р╕лр╕Щр╕▒р╕Зр╕кр╕╖р╕нр╕Бр╕Ор╕лр╕бр╕▓р╕в #р╕Щр╕┤р╕Хр╕┤р╕ир╕▓р╕кр╕Хр╕гр╣М #р╕Щр╕┤р╕Хр╕┤р╕бр╕Ш #р╕Щр╕┤р╕Хр╕┤р╕бр╕ир╕з  #р╕Щр╕┤р╕Хр╕┤р╕Ир╕╕р╕мр╕▓ #р╕кр╣Ир╕Зр╕Хр╣Ир╕нр╕Ыр╕гр╕░р╕бр╕зр╕е #dek66 #dek67 #dek68 #р╕кр╣Ир╕Зр╕Хр╣Ир╕нр╕лр╕Щр╕▒р╕Зр╕кр╕╖р╕нр╕Бр╕Ор╕лр╕бр╕▓р╕в #р╕лр╕Щр╕▒р╕Зр╕кр╕╖р╕нр╕Бр╕Ор╕лр╕бр╕▓р╕в #р╕Щр╕┤р╕Хр╕┤ #р╕Щр╕┤р╕Хр╕┤р╕гр╕▓р╕б #р╕кр╣Ир╕Зр╕Хр╣Ир╕нр╕лр╕Щр╕▒р╕Зр╕кр╕╖р╕нр╣Ар╕Хр╕гр╕╡р╕вр╕бр╕кр╕нр╕Ъ",2025-05-13 16:17:58,2025-05-15 07:56:17,2025,5,13
р╕Др╕Ур╕░р╕зр╕▓р╕гр╕кр╕▓р╕гр╕ир╕▓р╕кр╕Хр╕гр╣Мр╣Бр╕ер╕░р╕кр╕╖р╣Ир╕нр╕кр╕▓р╕гр╕бр╕зр╕ер╕Кр╕Щ,#р╕зр╕▓р╕гр╕кр╕▓р╕гр╕бр╕Ш,@aomsinnnnnnnn_,р╣Ар╕Хр╣Зр╕бр╕Чр╕╡р╣Ир╕ер╣Ир╕░р╕Ир╕гр╕┤р╕Зр╣Ж#р╕зр╕▓р╕гр╕кр╕▓р╕гр╕бр╕Ш #р╣Ар╕Фр╣Зр╕Бр╕Лр╕┤р╣Ир╕з #dek68 (67+1),2025-04-25 16:18:16,2025-05-15 07:58:06,2025,4,25
р╕Др╕Ур╕░р╕зр╕▓р╕гр╕кр╕▓р╕гр╕ир╕▓р╕кр╕Хр╕гр╣Мр╣Бр╕ер╕░р╕кр╕╖р╣Ир╕нр╕кр╕▓р╕гр╕бр╕зр╕ер╕Кр╕Щ,#р╕зр╕▓р╕гр╕кр╕▓р╕гр╕бр╕Ш,@aricesazer,р╕Чр╕╕р╕Бр╕Др╕Щр╕Щ р╕зр╕▓р╕гр╕кр╕▓р╕гр╕бр╕Шр╕бр╕╡р╕гр╕нр╕Ър╕Юр╕нр╕гр╣Мр╕Хр╕бр╕▒р╣Йр╕вр╕Др╕░р╕░ #р╕зр╕▓р╕гр╕кр╕▓р╕гр╕бр╕Ш #dek69,2025-03-09 10:01:22,2025-05-15 07:58:06,2025,3,9
р╕Др╕Ур╕░р╕зр╕▓р╕гр╕кр╕▓р╕гр╕ир╕▓р╕кр╕Хр╕гр╣Мр╣Бр╕ер╕░р╕кр╕╖р╣Ир╕нр╕кр╕▓р╕гр╕бр╕зр╕ер╕Кр╕Щ,#р╕зр╕▓р╕гр╕кр╕▓р╕гр╕бр╕Ш,@guzknn,р╕нр╣Ир╕░р╕бр╕▓р╣Ж р╕кр╕Щр╕▓р╕бр╕кр╕╕р╕Фр╕Чр╣Йр╕▓р╕вр╕Вр╕нр╕Зр╣Ар╕Фр╣Зр╕Б68р╕Чр╕╡р╣Ир╕Ир╕░р╕зр╕▒р╕Фр╕Кр╕░р╕Хр╕▓р╕Кр╕╡р╕зр╕┤р╕Хр╕зр╣Ир╕▓р╕Ир╕░р╣Др╕Фр╣Йр╣Др╕Ыр╕Хр╣Ир╕нр╕бр╕лр╕▓р╕ер╕▒р╕вр╕лр╕гр╕╖р╕нр╕зр╣Ир╕▓р╣Др╕Фр╣Йр╣Др╕Ыр╕Хр╣Ир╕нр╣Ар╕лр╕бр╕╖р╕нр╕Щр╕Бр╕▒р╕Щр╕Хр╣Ир╕нр╣Ар╕Ыр╣Зр╕Щ68+1р╕Вр╕нр╣Гр╕лр╣Йр╣Ар╕гр╕▓р╕Чр╕╕р╕Бр╕Др╕Щр╕Др╕░р╣Бр╕Щр╕Щ75++р╕Чр╕╕р╕Бр╕Др╕Щ р╕Др╕┤р╕Фр╣Др╕бр╣Ир╕нр╕нр╕Бр╕Бр╕▓р╣Др╕бр╣Ир╣Др╕Фр╣Йр╕Бр╣Зр╕Вр╕нр╣Гр╕лр╣Йр╣Ар╕Фр╕▓р╕Бр╕▒р╕Щр╣Др╕Фр╣Йр╕Чр╕╕р╕Бр╕Др╕Щр╣Бр╕ер╣Йр╕зр╣Ар╕Ир╕нр╕Вр╣Йр╕нр╕Чр╕╡р╣Ир╕Цр╕╣р╕Бр╕Ир╣Йр╕▓ р╕кр╕╕р╕Фр╕Чр╣Йр╕▓р╕вр╕Щр╕╡р╣Йр╕зр╕▓р╕гр╕кр╕▓р╕гр╕Шр╕гр╕гр╕бр╕ир╕▓р╕кр╕Хр╕гр╣Мр╕гр╕нр╣Ар╕гр╕▓р╣Ар╕Ыр╣Зр╕Щр╕Щр╕▒р╕Бр╕ир╕╢р╕Бр╕йр╕▓р╕Чр╕╡р╣Ир╕Щр╕▒р╣Ир╕Щр╕нр╕вр╕╣р╣Ир╕Хр╣Йр╕нр╕Зр╣Ар╕Ыр╣Зр╕Щр╕гр╕╕р╣Ир╕Щ91р╣Ар╕Чр╣Ир╕▓р╕Щр╕▒р╣Йр╕Щ #р╕зр╕▓р╕гр╕кр╕▓р╕гр╕бр╕Ш,2025-03-08 00:55:37,2025-05-15 07:58:06,2025,3,8
р╕Др╕Ур╕░р╕зр╕▓р╕гр╕кр╕▓р╕гр╕ир╕▓р╕кр╕Хр╕гр╣Мр╣Бр╕ер╕░р╕кр╕╖р╣Ир╕нр╕кр╕▓р╕гр╕бр╕зр╕ер╕Кр╕Щ,#р╕зр╕▓р╕гр╕кр╕▓р╕гр╕бр╕Ш,@EToeic,"Congrats!!! р╕Щр╣Йр╕нр╕Зр╣Ж р╕Чр╕╡р╣Ир╕кр╕нр╕Ър╕Хр╕┤р╕Ф BJM TU р╕Щр╕░р╕Др╣Йр╕▓  р╕Ьр╣Ир╕▓р╕Щр╕Бр╕▒р╕Щр╕бр╕▓р╕Хр╕▒р╣Йр╕Зр╣Бр╕Хр╣Ир╕Чр╕│р╕Юр╕нр╕гр╣Мр╕Х р╕Вр╣Йр╕нр╣Ар╕Вр╕╡р╕вр╕Щ р╣Бр╕ер╕░р╕кр╕▒р╕бр╕ар╕▓р╕йр╕Ур╣М р╕Вр╕нр╕Ър╕Др╕╕р╕Ур╕Чр╕╡р╣Ир╕Юр╕вр╕▓р╕вр╕▓р╕бр╣Ар╕Хр╣Зр╕бр╕Чр╕╡р╣Ир╕бр╕▓р╕Фр╣Йр╕зр╕вр╕Бр╕▒р╕Щр╕Щр╕░р╕Др╣Йр╕▓ р╕ар╕╣р╕бр╕┤р╣Гр╕Ир╕Чр╕╡р╣Ир╕кр╕╕р╕Фр╣Ар╕ер╕в 

#р╕Др╕гр╕╣р╕кр╕гр╣Йр╕нр╕в #krusoi #dek68 #dek69 #р╕Хр╕┤р╕зр╕кр╕▒р╕бр╕ар╕▓р╕йр╕Ур╣М #р╕Хр╕┤р╕зinterview #bastu #bctu #bcthammasat #bectu #bjmtu #bsitu #р╕зр╕▓р╕гр╕кр╕▓р╕гр╕бр╕Ш #tcas68 #bjm",2025-02-28 08:28:12,2025-05-15 07:58:06,2025,2,28
р╕Др╕Ур╕░р╕зр╕▓р╕гр╕кр╕▓р╕гр╕ир╕▓р╕кр╕Хр╕гр╣Мр╣Бр╕ер╕░р╕кр╕╖р╣Ир╕нр╕кр╕▓р╕гр╕бр╕зр╕ер╕Кр╕Щ,#р╕зр╕▓р╕гр╕кр╕▓р╕гр╕бр╕Ш,@EToeic,"Congrats!! р╕Щр╕░р╕Др╣Йр╕▓ р╕Щр╣Йр╕нр╕Зр╕Юр╕ер╕нр╕в р╕кр╕╕р╕Фр╕Др╕┤р╣Йр╕зр╕Чр╣Мр╕Ир╕▓р╕Бр╕кр╕▓р╕Шр╕┤р╕Хр╕Ыр╕гр╕░р╕кр╕▓р╕Щр╕бр╕┤р╕Хр╕г  р╣Ар╕гр╕╡р╕вр╕Щр╕Бр╕▒р╕Щр╕бр╕▓р╕Хр╕▒р╣Йр╕Зр╣Бр╕Хр╣Ир╕кр╕бр╕▒р╕вр╕б.р╕Хр╣Йр╕Щ  р╕Ир╕Щр╕кр╣Ир╕Зр╕лр╕Щр╕╣р╣Ар╕Вр╣Йр╕▓р╕бр╕лр╕▓р╕ер╕▒р╕вр╣Ар╕ер╕в р╕кр╕нр╕Ър╕Хр╕┤р╕Фр╣Др╕Фр╣Йр╕бр╕▓р╣Ар╕Ыр╣Зр╕Щр╕кр╕▓р╕з BC TU  р╣Бр╕ер╣Йр╕зр╕Др╣Ир╕▓ 

#р╕Др╕гр╕╣р╕кр╕гр╣Йр╕нр╕в #krusoi #dek68 #dek69 #р╕Хр╕┤р╕зр╕кр╕▒р╕бр╕ар╕▓р╕йр╕Ур╣М #р╕Хр╕┤р╕зinterview #bastu #bctu #bcthammasat #bectu #bjmtu #bsitu #р╕зр╕▓р╕гр╕кр╕▓р╕гр╕бр╕Ш #tcas68",2025-02-23 09:38:55,2025-05-15 07:58:06,2025,2,23
р╕Др╕Ур╕░р╕зр╕▓р╕гр╕кр╕▓р╕гр╕ир╕▓р╕кр╕Хр╕гр╣Мр╣Бр╕ер╕░р╕кр╕╖р╣Ир╕нр╕кр╕▓р╕гр╕бр╕зр╕ер╕Кр╕Щ,#р╕зр╕▓р╕гр╕кр╕▓р╕гр╕бр╕Ш,@EToeic,"Congrats!! р╕Щр╕░р╕Др╣Йр╕▓ р╣Ар╕бр╕ер╕┤р╕к р╕кр╕▓р╕зр╕Вр╕нр╕Щр╣Бр╕Бр╣Ир╕Щр╕зр╕┤р╕Чр╕вр╕▓р╕вр╕Щ р╕Ир╕░р╣Др╕Фр╣Йр╕бр╕▓р╣Ар╕Ыр╣Зр╕Щр╕кр╕▓р╕з BJM TU  р╣Бр╕ер╣Йр╕зр╕Щр╣Йр╕▓ р╣Ар╕Бр╣Ир╕Зр╕бр╕▓р╕Бр╣Жр╕Др╣Ир╕▓ р╣Ар╕гр╕▓р╕кр╕╣р╣Йр╕Фр╣Йр╕зр╕вр╕Бр╕▒р╕Щр╕бр╕▓р╕Щр╕▓р╕Щр╕Щр╕Щр╕бр╕▓р╕Бр╣Жр╣Ж р╕Хр╕▒р╣Йр╕Зр╣Бр╕Хр╣И Portfolio р╕Ир╕Щр╕Цр╕╢р╕З Interview р╣Ар╕ер╕в

#р╕Др╕гр╕╣р╕кр╕гр╣Йр╕нр╕в #krusoi #dek68 #dek69 #р╕Хр╕┤р╕зр╕кр╕▒р╕бр╕ар╕▓р╕йр╕Ур╣М #р╕Хр╕┤р╕зinterview #bastu #bctu #bcthammasat #bectu #bjmtu #bsitu #р╕зр╕▓р╕гр╕кр╕▓р╕гр╕бр╕Ш #tcas68",2025-02-23 06:25:31,2025-05-15 07:58:06,2025,2,23
р╕Др╕Ур╕░р╕зр╕▓р╕гр╕кр╕▓р╕гр╕ир╕▓р╕кр╕Хр╕гр╣Мр╣Бр╕ер╕░р╕кр╕╖р╣Ир╕нр╕кр╕▓р╕гр╕бр╕зр╕ер╕Кр╕Щ,#р╕зр╕▓р╕гр╕кр╕▓р╕гр╕бр╕Ш,@lostbubbe,"р╕кр╕зр╕▒р╕кр╕Фр╕╡р╕Др╣Ир╕▓ р╕Юр╕╡р╣Ир╣Ар╕Ыр╣Зр╕Щр╕Хр╕▒р╕зр╣Бр╕Чр╕Щр╕Ир╕▓р╕Бр╕Щр╕▓р╕Зр╕Яр╣Йр╕▓р╣Ар╕Ир╕Лр╕╡р╕Кр╣Йр╕▓р╕Зр╣Ар╕Ьр╕╖р╕нр╕Бр╕Чр╕╡р╣Ир╕Хр╕┤р╕Фр╕Хр╕▒р╕зр╕Ир╕гр╕┤р╕Зр╕Щр╕░р╕Др╕░ р╕Юр╕нр╕Фр╕╡р╕бр╕гр╣Бр╕Юр╕ер╕Щр╕Бр╕▒р╕Ър╣Ар╕Юр╕╖р╣Ир╕нр╕Щр╣Жр╕зр╣Ир╕▓р╕Ир╕░р╕Ир╕▒р╕Фр╕Бр╕┤р╕Ир╕Бр╕гр╕гр╕бр╣Бр╕Щр╕░р╣Бр╕Щр╕зр╕кр╕▒р╕бр╕ар╕▓р╕йр╕Ур╣Мр╣Гр╕лр╣Йр╕Щр╣Йр╕нр╕З р╕Ир╕нр╕вр╣Жр╕Ыр╕ер╣Ир╕нр╕вр╣Гр╕Ир╣Ар╕Йр╕Юр╕▓р╕░р╣Ар╕Фр╣Зр╕Бр╕Др╕Ур╕░р╕зр╕▓р╕гр╕кр╕▓р╕гр╕Др╣Ир╕░ р╣Гр╕Др╕гр╕кр╕Щр╣Гр╕Ир╣Ар╕Вр╣Йр╕▓р╕бр╕▓р╕Др╕╕р╕вр╕Ир╕нр╕вр╣Жр╕Ыр╕гр╕╢р╕Бр╕йр╕▓р╕Бр╕▒р╕Щр╣Др╕Фр╣Йр╕Щр╣Йр╕▓ 
#р╕Шр╕гр╕гр╕бр╕ир╕▓р╕кр╕Хр╕гр╣Мр╕Кр╣Йр╕▓р╕Зр╣Ар╕Ьр╕╖р╕нр╕Б #р╕Кр╣Йр╕▓р╕Зр╣Ар╕Ьр╕╖р╕нр╕Бр╕бр╕Ш #р╕зр╕▓р╕гр╕кр╕▓р╕гр╕бр╕Ш #р╣Вр╕Др╕гр╕Зр╕Бр╕▓р╕гр╕Кр╣Йр╕▓р╕Зр╣Ар╕Ьр╕╖р╕нр╕Б",2025-02-20 05:19:04,2025-05-15 07:58:06,2025,2,20
р╕Др╕Ур╕░р╕зр╕▓р╕гр╕кр╕▓р╕гр╕ир╕▓р╕кр╕Хр╕гр╣Мр╣Бр╕ер╕░р╕кр╕╖р╣Ир╕нр╕кр╕▓р╕гр╕бр╕зр╕ер╕Кр╕Щ,#р╕зр╕▓р╕гр╕кр╕▓р╕гр╕бр╕Ш,@narak1322,р╕бр╕╡р╕Юр╕╡р╣Ир╣Жр╕Др╕Щр╣Др╕лр╕Щр╕вр╕╖р╣Ир╕Щр╕зр╕▓р╕гр╕кр╕▓р╕гр╕бр╕Ш.р╣Вр╕Др╕зр╕Хр╕▓р╕Юр╕ер╣Ар╕бр╕╖р╕нр╕Зр╕Ир╕┤р╕Хр╕нр╕▓р╕кр╕▓р╕бр╕▒р╣Йр╕вр╕Др╕░р╕нр╕вр╕▓р╕Бр╕Ыр╕гр╕╢р╕Бр╕йр╕▓р╕бр╕▓р╕Бр╣Жр╣Жр╣Ар╕ер╕в#dek68 #р╕зр╕▓р╕гр╕кр╕▓р╕гр╕бр╕Ш #TCAS68,2025-01-20 14:35:00,2025-05-15 07:58:25,2025,1,20
р╕Др╕Ур╕░р╕зр╕▓р╕гр╕кр╕▓р╕гр╕ир╕▓р╕кр╕Хр╕гр╣Мр╣Бр╕ер╕░р╕кр╕╖р╣Ир╕нр╕кр╕▓р╕гр╕бр╕зр╕ер╕Кр╕Щ,#р╕зр╕▓р╕гр╕кр╕▓р╕гр╕бр╕Ш,@jcnestcamp,"р╕Хр╕┤р╕Фр╕Хр╕▓р╕бр╕Вр╣Ир╕▓р╕зр╕кр╕▓р╕гр╣Ар╕Юр╕┤р╣Ир╕бр╣Ар╕Хр╕┤р╕бр╣Др╕Фр╣Йр╕Чр╕╡р╣И
IG : jcnestcamp
FB : JC Nest Camp
X : jcnestcamp
TikTok : jcnestcamp17

#JCNestCamp17 #ThePerfectSauce #р╕Др╣Ир╕▓р╕вр╕Бр╣Йр╕▓р╕зр╣Бр╕гр╕Бр╕кр╕╣р╣Ир╕гр╕▒р╕Зр╕Щр╕Б #JCNestCamp  #р╕зр╕▓р╕гр╕кр╕▓р╕гр╕бр╕Ш #JCTU #BJMTU
#dek68 #dek69 #dek70 #р╕Чр╕╡р╕бр╕бр╕Ш",2025-01-10 11:05:04,2025-05-15 07:58:25,2025,1,10
р╕Др╕Ур╕░р╕зр╕▓р╕гр╕кр╕▓р╕гр╕ир╕▓р╕кр╕Хр╕гр╣Мр╣Бр╕ер╕░р╕кр╕╖р╣Ир╕нр╕кр╕▓р╕гр╕бр╕зр╕ер╕Кр╕Щ,#р╕зр╕▓р╕гр╕кр╕▓р╕гр╕бр╕Ш,@jcnestcamp,"р╕кр╕│р╕лр╕гр╕▒р╕Ър╕Щр╣Йр╕нр╕З р╣Ж р╕Чр╕╡р╣Ир╕вр╕▒р╕Зр╣Др╕бр╣Ир╕бр╕╡р╕Кр╕╖р╣Ир╕нр╣Гр╕Щр╣Др╕ер╕Щр╣Мр╕Щр╕╡р╣Йр╕нр╕вр╣Ир╕▓р╕Хр╕Бр╣Гр╕Ир╣Др╕Ы р╕гр╕нр╕ер╕╕р╣Йр╕Щр╕Юр╕╡р╣Ир╣Ар╕кр╕┤р╕гр╣Мр╕Яр╕кр╕бр╕▓р╕Кр╕┤р╕Бр╣Др╕ер╕Щр╣Мр╕Цр╕▒р╕Ф р╣Ж р╣Др╕Ыр╣Др╕Фр╣Йр╕Чр╕╡р╣И
IG : jcnestcamp
FB : JC Nest Camp
X : jcnestcamp
TikTok : jcnestcamp17

#JCNestCamp17 #ThePerfectSauce #р╕Др╣Ир╕▓р╕вр╕Бр╣Йр╕▓р╕зр╣Бр╕гр╕Бр╕кр╕╣р╣Ир╕гр╕▒р╕Зр╕Щр╕Б #JCNestCamp  #р╕зр╕▓р╕гр╕кр╕▓р╕гр╕бр╕Ш #JCTU #BJMTU
#dek68 #dek69 #dek70 #р╕Чр╕╡р╕бр╕бр╕Ш",2025-01-10 05:12:16,2025-05-15 07:58:25,2025,1,10
р╕Др╕Ур╕░р╕зр╕┤р╕Чр╕вр╕▓р╕ир╕▓р╕кр╕Хр╕гр╣Мр╣Бр╕ер╕░р╣Ар╕Чр╕Др╣Вр╕Щр╣Вр╕ер╕вр╕╡,#р╕зр╕┤р╕Чр╕вр╕▓р╕бр╕Ш,@pypxmmr,"Congratulations  imma12  
р╕Вр╕нр╣Бр╕кр╕Фр╕Зр╕Др╕зр╕▓р╕бр╕вр╕┤р╕Щр╕Фр╕╡р╕Бр╕▒р╕Ър╕Щр╣Йр╕нр╕Зр╣Жр╕Чр╕╕р╕Бр╕Др╕Щр╕Чр╕╡р╣Ир╕Ьр╣Ир╕▓р╕Щр╕Бр╕▓р╕гр╕Др╕▒р╕Фр╣Ар╕ер╕╖р╕нр╕Б
 р╕кр╕▓р╕Вр╕▓р╕Др╕Ур╕┤р╕Хр╕ир╕▓р╕кр╕Хр╕гр╣Мр╕Бр╕▓р╕гр╕Ир╕▒р╕Фр╕Бр╕▓р╕г р╕бр╕Ш 
р╕кр╕▓р╕бр╕▓р╕гр╕Ц scan qr р╣Ар╕Вр╣Йр╕▓р╕Бр╕ер╕╕р╣Ир╕бр╣Др╕ер╕Щр╣Мр╣Др╕Фр╣Йр╣Ар╕ер╕вр╕Щр╣Йр╕▓р╕▓
#dek67 #TCAS67 #TU90 #р╕зр╕┤р╕Чр╕вр╕▓р╕бр╕Ш",2024-06-02 15:12:11,2025-05-15 07:57:56,2024,6,2
р╕Др╕Ур╕░р╕зр╕┤р╕Чр╕вр╕▓р╕ир╕▓р╕кр╕Хр╕гр╣Мр╣Бр╕ер╕░р╣Ар╕Чр╕Др╣Вр╕Щр╣Вр╕ер╕вр╕╡,#р╕зр╕┤р╕Чр╕вр╕▓р╕бр╕Ш,@sineforsell,"рнирнзтЛЖ р╕Бр╕гр╕░р╕Фр╕╕р╕бр╕Щр╕и р╣Бр╕Ър╕Ър╕кр╣Бр╕Щр╣Зр╕Ы 60 р╕Ър╕▓р╕Ч
р╕Вр╕▓р╣Бр╕Ыр╣Кр╕Б 10 р╕Ър╕▓р╕Ч
р╕гр╕▒р╕Ър╕Др╕╣р╣И 65 р╕Ър╕▓р╕Ч р╕кр╣Ир╕Зр╕Яр╕гр╕╡ с╡Ос╡О
#р╕Чр╕╡р╕бр╕бр╕Ш #dek67 #TU89 #TU90 #dek66 #р╕бр╕Ш #р╕зр╕┤р╕Чр╕вр╕▓р╕бр╕Ш",2024-06-01 15:31:21,2025-05-15 07:57:56,2024,6,1
р╕Др╕Ур╕░р╕зр╕┤р╕Чр╕вр╕▓р╕ир╕▓р╕кр╕Хр╕гр╣Мр╣Бр╕ер╕░р╣Ар╕Чр╕Др╣Вр╕Щр╣Вр╕ер╕вр╕╡,#р╕зр╕┤р╕Чр╕вр╕▓р╕бр╕Ш,@rrr_ttaxtt,р╕бр╕╡р╣Гр╕Др╕гр╕Хр╕┤р╕Фр╕Др╕Ур╕┤р╕Хр╕ир╕▓р╕кр╕Хр╕гр╣Мр╕Бр╕▓р╕гр╕Ир╕▒р╕Фр╕Бр╕▓р╕гр╕Ър╣Йр╕▓р╕Зр╣Др╕лр╕бр╕б р╣Ар╕бр╕Др╣Ар╕Яр╕гр╕Щр╕Бр╕▒р╕Щр╣Др╕Фр╣Йр╕Щр╣Йр╕▓р╕▓ р╕Щр╕╡р╣Ир╕лр╕▓р╣Др╕бр╣Ир╣Ар╕Ир╕нр╣Ар╕ер╕в62622  #р╕зр╕┤р╕Чр╕вр╕▓р╕бр╕Ш #Dek67 #Tcas67 #р╕Чр╕╡р╕бр╕бр╕Ш,2024-05-27 11:23:35,2025-05-15 07:57:56,2024,5,27
р╕Др╕Ур╕░р╕зр╕┤р╕Чр╕вр╕▓р╕ир╕▓р╕кр╕Хр╕гр╣Мр╣Бр╕ер╕░р╣Ар╕Чр╕Др╣Вр╕Щр╣Вр╕ер╕вр╕╡,#р╕зр╕┤р╕Чр╕вр╕▓р╕бр╕Ш,@babyblu94137195,#р╕Чр╕╡р╕бр╕бр╕Ш #р╕зр╕┤р╕Чр╕вр╕▓ #р╕зр╕┤р╕Чр╕вр╕▓р╕бр╕Ш #р╕зр╕▒р╕кр╕Фр╕╕р╕ир╕▓р╕кр╕Хр╕гр╣М #р╕зр╕▒р╕кр╕Фр╕╕р╕ир╕▓р╕кр╕Хр╕гр╣Мр╕бр╕Ш #dek67,2024-05-21 11:48:21,2025-05-15 07:57:56,2024,5,21
р╕Др╕Ур╕░р╕зр╕┤р╕Чр╕вр╕▓р╕ир╕▓р╕кр╕Хр╕гр╣Мр╣Бр╕ер╕░р╣Ар╕Чр╕Др╣Вр╕Щр╣Вр╕ер╕вр╕╡,#р╕зр╕┤р╕Чр╕вр╕▓р╕бр╕Ш,@httppotae,"р╕вр╕┤р╕Щр╕Фр╕╡р╕Хр╣Йр╕нр╕Щр╕гр╕▒р╕Ър╣Ар╕Юр╕╖р╣Ир╕нр╕Щр╣Гр╕лр╕бр╣Ир╕зр╕┤р╕Чр╣Ар╕Бр╕йр╕Хр╕гр╕бр╕Ш р╕лр╕гр╕╖р╕нATTU34 р╕Чр╕╕р╕Бр╕Др╕Щр╕Др╣Ир╕░ р╕вр╕┤р╕Щр╕Фр╕╡р╕Чр╕╡р╣Ир╣Др╕Фр╣Йр╕гр╕╣р╣Йр╕Ир╕▒р╕Бр╕Бр╕▒р╕Ър╕Чр╕╕р╕Бр╕Др╕Щр╕Щр╕░р╕Др╣Йр╕▓р╕▓р╕▓ р╣Ар╕Юр╕╖р╣Ир╕нр╕Щр╣Жр╕Чр╕╡р╣Ир╕Хр╕┤р╕Фр╕Др╕Ур╕░р╕зр╕┤р╕Чр╕вр╕▓р╕ир╕▓р╕кр╕Хр╕гр╣Мр╣Бр╕ер╕░р╣Ар╕Чр╕Др╣Вр╕Щр╣Вр╕ер╕вр╕╡ р╕кр╕▓р╕Вр╕▓р╣Ар╕Чр╕Др╣Вр╕Щр╣Вр╕ер╕вр╕╡р╕Бр╕▓р╕гр╣Ар╕Бр╕йр╕Хр╕г р╣Бр╕кр╕Бр╕Щр╣Ар╕Вр╣Йр╕▓р╕Бр╕ер╕╕р╣Ир╕бр╣Др╕Фр╣Йр╣Ар╕ер╕вр╕Др╣Ир╕▓ р╕вр╕┤р╕Щр╕Фр╕╡р╕Хр╣Йр╕нр╕Щр╕гр╕▒р╕Ър╣Ар╕Юр╕╖р╣Ир╕нр╕Щр╣Гр╕лр╕бр╣Ир╕Чр╕╕р╕Бр╕Др╕Щр╣Бр╕ер╣Йр╕зр╕бр╕▓р╣Ар╕Ир╕нр╕Бр╕▒р╕Щр╕Щр╕░р╕Др╕гр╕▒р╕Ъ
#dek67 #р╕бр╕Ш #tu90 #scitu #р╣Ар╕Бр╕йр╕Хр╕гр╕бр╕Ш #attu #р╕зр╕┤р╕Чр╕вр╕▓р╕бр╕Ш",2024-05-20 06:10:45,2025-05-15 07:57:56,2024,5,20
р╕Др╕Ур╕░р╕зр╕┤р╕Чр╕вр╕▓р╕ир╕▓р╕кр╕Хр╕гр╣Мр╣Бр╕ер╕░р╣Ар╕Чр╕Др╣Вр╕Щр╣Вр╕ер╕вр╕╡,#р╕зр╕┤р╕Фр╕вр╕▓р╕бр╕Ш,@DueanMekMok,"тЬзя╜ея╛ЯЁЭЧкЁЭЧ▓ЁЭЧ╣ЁЭЧ░ЁЭЧ╝ЁЭЧ║ЁЭЧ▓ ЁЭЧХЁЭЧ╢ЁЭЧ╝ЁЭШБЁЭЯпЁЭЯм тЬзя╛Я*
Congratulations Dek67! р╕Хр╕▓р╕бр╕лр╕▓р╕Щр╣Йр╕нр╕Зр╣Жр╕Чр╕╡р╣Ир╕Хр╕┤р╕Фр╣Ар╕Чр╕Др╣Вр╕Щр╣Вр╕ер╕вр╕╡р╕Кр╕╡р╕зр╕ар╕▓р╕Ю р╕бр╕лр╕▓р╕зр╕┤р╕Чр╕вр╕▓р╕ер╕▒р╕вр╕Шр╕гр╕гр╕бр╕ир╕▓р╕кр╕Хр╕гр╣М р╕кр╕▓р╕бр╕▓р╕гр╕Цр╕Ир╕┤р╣Йр╕бр╕ер╕┤р╕Зр╕Др╣Мр╕лр╕гр╕╖р╕нр╕кр╣Бр╕Бр╕Щр╣Гр╕Щр╕ар╕▓р╕Юр╣Ар╕Вр╣Йр╕▓р╕Бр╕ер╕╕р╣Ир╕бр╣Др╕Фр╣Йр╣Ар╕ер╕вр╕Др╣Йр╕▓р╕Ър╕Ър╕Ър╕Ъ #vidyatu #dek67 #р╕зр╕┤р╕Фр╕вр╕▓р╕бр╕Ш #р╕Шр╕гр╕гр╕бр╕ир╕▓р╕кр╕Хр╕гр╣М #biottu #р╕бр╕Ш #р╣Др╕Ър╕нр╕нр╕Чр╕бр╕Ш #р╕Чр╕╡р╕бр╕бр╕Ш
https://line.me/ti/g/9JCBNrMkIL",2024-05-20 04:16:29,2025-05-15 07:57:50,2024,5,20
р╕Др╕Ур╕░р╕зр╕┤р╕Чр╕вр╕▓р╕ир╕▓р╕кр╕Хр╕гр╣Мр╣Бр╕ер╕░р╣Ар╕Чр╕Др╣Вр╕Щр╣Вр╕ер╕вр╕╡,#р╕зр╕┤р╕Фр╕вр╕▓р╕бр╕Ш,@maichaikonsmart,р╕бр╕╡р╣Гр╕Др╕гр╣Ар╕гр╕╡р╕вр╕Щр╕нр╕вр╕╣р╣Ир╕Др╕Ур╕░ #bebtu р╕лр╕гр╕╖р╕нр╕зр╣Ир╕▓р╕Бр╕│р╕ер╕▒р╕Зр╕Ир╕░р╕вр╕╖р╣Ир╕Щр╕Ыр╕╡р╕Щр╕╡р╣Йр╕бр╕▒р╣Йр╕вр╕Др╕░ р╕Юр╕нр╕Фр╕╡р╕нр╕вр╕▓р╕Бр╣Др╕Фр╣Йр╕Др╕│р╣Бр╕Щр╕░р╕Щр╕│р╕Щр╕┤р╕Фр╕лр╕Щр╣Ир╕нр╕вр╕нр╕░р╕Др╣Ир╕░ #р╕зр╕┤р╕Фр╕вр╕▓р╕бр╕Ш #р╕Чр╕╡р╕бр╕бр╕Ш #tu #Tcas67 #TCAS67,2024-05-09 05:27:41,2025-05-15 07:57:50,2024,5,9
р╕Др╕Ур╕░р╕зр╕┤р╕Чр╕вр╕▓р╕ир╕▓р╕кр╕Хр╕гр╣Мр╣Бр╕ер╕░р╣Ар╕Чр╕Др╣Вр╕Щр╣Вр╕ер╕вр╕╡,#р╕зр╕┤р╕Фр╕вр╕▓р╕бр╕Ш,@Thiankhai44,р╕Юр╕Щ.р╣Ар╕ер╕╖р╕нр╕Бр╕Хр╕▒р╣Йр╕Зр╕Бр╕Щр╕зр╕Ч66 р╕нр╕вр╣Ир╕▓р╕Щр╕нр╕Щр╕лр╕ер╕▒р╕Ър╕Чр╕▒р╕Ър╕кр╕┤р╕Чр╕Шр╕┤р╣Мр╕Щр╣Йр╕▓р╕▓р╕▓ 1р╣Ар╕кр╕╡р╕вр╕Зр╕Вр╕нр╕Зр╕Чр╕╕р╕Бр╕Др╕Щр╕бр╕╡р╕Др╣Ир╕▓  р╕Цр╣Йр╕▓р╕вр╕▒р╕Зр╣Др╕бр╣Ир╕Чр╕гр╕▓р╕Ър╕Щр╣Вр╕вр╕Ър╕▓р╕вр╕Вр╕нр╕Зр╕Чр╕▒р╣Йр╕З2р╕Юр╕гр╕гр╕Д р╕ир╕╢р╕Бр╕йр╕▓р╕Хр╕нр╕Щр╕Щр╕╡р╣Йр╕лр╕гр╕╖р╕нр╕Бр╣Ир╕нр╕Щр╕Ир╕░р╕Бр╕Фр╣Ар╕ер╕╖р╕нр╕Бр╕Хр╕▒р╣Йр╕Зр╣Др╕бр╣Ир╣Ар╕Бр╕┤р╕Щ17.00р╕Щ р╕Бр╣Зр╕вр╕▒р╕Зр╕Чр╕▒р╕Щр╕Щр╣Йр╕▓р╕▓ р╣Др╕бр╣Иignoreр╣Ар╕гр╕╖р╣Ир╕нр╕Зр╕Щр╕╡р╣Йр╕Бр╕▒р╕Щр╕Щр╕░ #р╕зр╕┤р╕Фр╕вр╕▓р╕бр╕Ш,2023-06-15 15:24:23,2025-05-15 07:57:50,2023,6,15
р╕Др╕Ур╕░р╕зр╕┤р╕Чр╕вр╕▓р╕ир╕▓р╕кр╕Хр╕гр╣Мр╣Бр╕ер╕░р╣Ар╕Чр╕Др╣Вр╕Щр╣Вр╕ер╕вр╕╡,#р╕зр╕┤р╕Фр╕вр╕▓р╕бр╕Ш,@misssissorneiei,р╣Гр╕лр╣Йр╕гр╕░р╕Ър╕╕р╕гр╕▓р╕вр╕Хр╕▒р╕з р╕нр╕╕р╣Йр╕вр╕вр╕в р╕гр╕▓р╕вр╕Др╕Щ р╕кр╕Зр╕кр╕▒р╕вр╕Др╕╖р╕Щр╕Щр╕╡р╣Йр╕бр╕┤р╕кр╕Лр╕┤р╕кр╕кр╕гр╕Ир╕░р╣Др╕бр╣Ир╣Др╕Фр╣Йр╕Щр╕нр╕Щ р╣Др╕Ыр╕Щр╕нр╕Щр╕Фр╕╡р╕Бр╕зр╣Ир╕▓р╕Юр╕гр╕╕р╣Ир╕Зр╕Щр╕╡р╣Йр╕Бр╕▓р╣Др╕бр╣Ир╕Ыр╕гр╕░р╕кр╕Зр╕Др╣Мр╕ер╕Зр╕Др╕░р╣Бр╕Щр╕Щр╕Ир╕Ър╣Ар╕Щр╕▓р╕░р╕нр╕┤р╕нр╕┤ #р╕зр╕┤р╕Фр╕вр╕▓р╕бр╕Ш,2023-06-15 14:15:44,2025-05-15 07:57:50,2023,6,15
р╕Др╕Ур╕░р╕зр╕┤р╕Чр╕вр╕▓р╕ир╕▓р╕кр╕Хр╕гр╣Мр╣Бр╕ер╕░р╣Ар╕Чр╕Др╣Вр╕Щр╣Вр╕ер╕вр╕╡,#р╕зр╕┤р╕Фр╕вр╕▓р╕бр╕Ш,@misssissorneiei,р╕лр╕Щр╕╡р╣Ар╕кр╕╖р╕нр╕Ыр╕░р╕Ир╕гр╣Ар╕Вр╣Й р╕Ир╕░р╕нр╕нр╕Бр╣Ар╕кр╕╖р╕нр╕Чр╕╡р╣Ир╕Ир╕гр╣Ар╕Вр╣Йр╕Бр╣Зр╣Ар╕ер╕╖р╕нр╕Бр╣Ар╕нр╕▓ р╣Бр╕Хр╣Ир╣Бр╕зр╕░р╣Бр╕Лр╣Ир╕Ър╕Щр╕┤р╕Фр╕Щр╕╢р╕Зр╕зр╣Ир╕▓р╕кр╕▒р╕Хр╕зр╣Мр╕кр╕Ыр╕╡р╕Кр╕╡р╣Ир╕Зр╕╣р╣Ар╕лр╣Ир╕▓р╣Ар╕Юр╕╡р╕вр╕Ър╕Юр╕гр╕гр╕Др╕Яр╣Йр╕▓р╕нр╣Ир╕░р╕Ир╕░7р╕Фр╣Йр╕▓р╕Щ49р╕Щр╣Вр╕вр╕лр╕гр╕╖р╕н6р╕Фр╣Йр╕▓р╕Щ30р╕Щр╣Вр╕в р╕Бр╣Зр╣Ар╕ер╕╖р╕нр╕Бр╕кр╕гр╕гр╕Др╣Мр╕Бр╕▒р╕Щр╣Ар╕нр╕З р╕Чр╕│р╣Др╕Фр╣Йр╕Ир╕гр╕┤р╕Зр╕лр╕гр╕╖р╕нр╣Др╕бр╣Ир╕Ир╕гр╕┤р╕Зр╣Ар╕Юр╣Йр╕нр╣Ар╕Ир╣Йр╕нр╕лр╕гр╕╖р╕нр╣Ар╕Юр╣Йр╕нр╕Эр╕▒р╕Щр╕Бр╣Зр╕ер╕нр╕Зр╕Фр╕╣р╕Бр╕▒р╕Щр╕Ир╣Йр╕▓р╕▓р╕▓р╕▓р╕▓ #р╕зр╕┤р╕Фр╕вр╕▓р╕бр╕Ш,2023-06-15 14:07:52,2025-05-15 07:57:50,2023,6,15
р╕Др╕Ур╕░р╕зр╕┤р╕Чр╕вр╕▓р╕ир╕▓р╕кр╕Хр╕гр╣Мр╣Бр╕ер╕░р╣Ар╕Чр╕Др╣Вр╕Щр╣Вр╕ер╕вр╕╡,#р╕зр╕┤р╕Фр╕вр╕▓р╕бр╕Ш,@misssissorneiei,р╕Юр╕гр╕гр╕Др╕Яр╣Йр╕▓р╕Щр╕╡р╣Ир╕Чр╕╡р╣Ир╕бр╕╡р╣Вр╕Жр╕йр╕Бр╕Ър╕нр╕Бр╣Др╕бр╣Ир╕Юр╕нр╣Гр╕Ир╕Чр╕╡р╣Ир╕Юр╕гр╕гр╕Др╣Бр╕Фр╕Зр╣Ар╕Ыр╣Зр╕Щр╕Бр╕Щр╣Бр╕ер╣Йр╕зр╣Ар╕Йр╕ер╕╡р╣Ир╕вр╕Зр╕Ър╣Гр╕лр╣Йр╣Ар╕Чр╣Ир╕▓р╣Жр╕Бр╕▒р╕Щр╕Ир╕░р╣Др╕Ыр╣Ар╕Вр╕╡р╕вр╕Щр╕Зр╕Ър╣Гр╕лр╣Йр╕Кр╕╕р╕бр╕Щр╕╕р╕бр╕Хр╕▒р╕зр╣Ар╕нр╕Зр╣Ар╕вр╕нр╕░р╕Бр╕зр╣Ир╕▓р╕Кр╕╕р╕бр╕Щр╕╕р╕бр╕нр╕╖р╣Ир╕Щр╣Жр╕Ир╕гр╕┤р╕Зр╕бр╕▒р╣Йр╕вр╕нр╕░р╕Др╣Ир╕▓р╕▓р╕Ыр╕гр╕░р╣Вр╕вр╕Кр╕Щр╣Мр╕Кр╕▓р╕зр╕зр╕┤р╕Фр╕вр╕▓р╕нр╕вр╕╣р╣Ир╕кр╣Ир╕зр╕Щр╣Др╕лр╕Щр╕Щр╕Щр╕Щр╕Щр╕Щр╕Щ р╕Ир╕░р╣Др╕Ыр╕Чр╕│р╕Зр╕▓р╕Щр╕лр╕гр╕╖р╕нр╣Др╕Ыр╕Чр╕│р╕Ыр╕гр╕░р╣Вр╕вр╕Кр╕Щр╣Мр╕кр╣Ир╕зр╕Щр╕Хр╕▒р╕з р╕Зр╕Зр╕Зр╕░р╣Ар╕Хр╕З #р╕зр╕┤р╕Фр╕вр╕▓р╕бр╕Ш,2023-06-15 13:52:30,2025-05-15 07:57:50,2023,6,15
р╕Др╕Ур╕░р╕зр╕┤р╕Чр╕вр╕▓р╕ир╕▓р╕кр╕Хр╕гр╣Мр╣Бр╕ер╕░р╣Ар╕Чр╕Др╣Вр╕Щр╣Вр╕ер╕вр╕╡,#р╕зр╕┤р╕Фр╕вр╕▓р╕бр╕Ш,@misssissorneiei,р╕Др╕╖р╕Щр╕лр╕бр╕▓р╕лр╕нр╕Щр╕бр╕▓р╣Ар╕лр╣Ир╕▓р╕Бр╕▒р╕Щр╕лр╕Щр╣Ир╕нр╕вр╕бр╕▒р╣Йр╕вр╕Ир╣Йр╕▓р╕Юр╕гр╕гр╕Др╣Бр╕Фр╕Зр╕Юр╕гр╕гр╕Др╕Яр╣Йр╕▓р╕Бр╣Ир╕нр╕Щр╕Бр╕▓р╕Юр╕гр╕╕р╣Ир╕Зр╕Щр╕╡р╣Й р╕Юр╕гр╕гр╕Др╣Бр╕Фр╕Зр╕Щр╕╡р╣Ир╕Чр╕│р╕Зр╕▓р╕Щр╕Щр╕░р╣Бр╕Хр╣Ир╕Кр╣Йр╕▓ р╕кр╣Ир╕зр╕Щр╕Юр╕гр╕гр╕Др╕Яр╣Йр╕▓р╕Щр╕╡р╣Ир╕Чр╕│р╕Зр╕▓р╕Щр╣Др╕Зр╣Др╕бр╣Ир╕гр╕╣р╣Йр╕Щр╣Кр╕▓р╕▓р╣Ар╕Юр╕гр╕▓р╕░р╣Др╕бр╣Ир╕бр╕▓р╕Чр╕│р╕Зр╕▓р╕Щр╣Ар╕ер╕вр╕вр╕вр╕вр╕в р╣Ар╕ер╕╖р╕нр╕Бр╣Ар╕нр╕▓р╣Ар╕Фр╣Йр╕нр╕н #р╕зр╕┤р╕Фр╕вр╕▓р╕бр╕Ш #р╣Ар╕ер╕╖р╕нр╕Бр╕Хр╕▒р╣Йр╕Зр╕зр╕┤р╕Фр╕вр╕▓,2023-06-15 13:45:43,2025-05-15 07:57:50,2023,6,15
р╕Др╕Ур╕░р╕зр╕┤р╕Чр╕вр╕▓р╕ир╕▓р╕кр╕Хр╕гр╣Мр╣Бр╕ер╕░р╣Ар╕Чр╕Др╣Вр╕Щр╣Вр╕ер╕вр╕╡,#р╕зр╕┤р╕Фр╕вр╕▓р╕бр╕Ш,@ThriveOn_TU,"р╣Гр╕лр╣Й #р╕Бр╣Йр╕▓р╕зр╣Гр╕лр╕бр╣И  р╣Ар╕Ыр╣Зр╕Щр╕Чр╕▓р╕Зр╣Ар╕ер╕╖р╕нр╕Бр╣Гр╕лр╕бр╣Ир╕Чр╕╡р╣Ир╕Ир╕░р╣Ар╕Ыр╕ер╕╡р╣Ир╕вр╕Щр╣Бр╕Ыр╕ер╕Зр╣Гр╕Щр╕Чр╕╕р╕Б р╣Ж р╕Фр╣Йр╕▓р╕Щ

р╕Юр╕нр╕гр╣Мр╕Кр╕Юр╕┤р╕Юр╕▒р╕Кр╕Нр╣М р╕кр╕нр╕Щр╕Кр╕▒р╕вр╕ар╕╣р╕бр╕┤ 
р╕кр╕▓р╕Вр╕▓ р╕зр╕┤р╕Чр╕вр╕▓р╕ир╕▓р╕кр╕Хр╕гр╣Мр╣Бр╕ер╕░р╣Ар╕Чр╕Др╣Вр╕Щр╣Вр╕ер╕вр╕╡р╕кр╕┤р╣Ир╕Зр╕Чр╕н
р╕Ьр╕╣р╣Йр╕ер╕Зр╕кр╕бр╕▒р╕Др╕г р╕Ыр╕гр╕░р╕Шр╕▓р╕Щ р╕Бр╕Щ.р╕зр╕Ч.

#16р╕бр╕┤р╕Цр╕╕р╕Щр╕▓р╕зр╕┤р╕Фр╕вр╕▓р╕бр╕╡р╣Ар╕ер╕╖р╕нр╕Бр╕Хр╕▒р╣Йр╕З #р╕Бр╣Йр╕▓р╕з2р╕лр╕бр╣И #р╕зр╕┤р╕Фр╕вр╕▓р╕бр╕Ш #р╣Ар╕ер╕╖р╕нр╕Бр╕Хр╕▒р╣Йр╕Зр╕Бр╕Щр╕зр╕Ч66 #р╕Юр╕гр╕гр╕Др╕Бр╣Йр╕▓р╕зр╣Гр╕лр╕бр╣И #Thriveon #р╕Бр╕▓xр╕Бр╣Йр╕▓р╕зр╣Гр╕лр╕бр╣И #р╣Ар╕ер╕╖р╕нр╕Бр╕Хр╕▒р╣Йр╕Зр╕Бр╕Щр╕зр╕Чр╣Ар╕ер╕╖р╕нр╕Бр╣Ар╕Ър╕нр╕гр╣М2",2023-06-14 14:50:48,2025-05-15 07:57:51,2023,6,14
р╕Др╕Ур╕░р╕зр╕┤р╕Чр╕вр╕▓р╕ир╕▓р╕кр╕Хр╕гр╣Мр╣Бр╕ер╕░р╣Ар╕Чр╕Др╣Вр╕Щр╣Вр╕ер╕вр╕╡,#р╕зр╕┤р╕Фр╕вр╕▓р╕бр╕Ш,@khunmoooouuuu,"р╣Гр╕Др╕гр╕Хр╕┤р╕Фр╕Др╕Ур╕░р╕Щр╕╡р╣Йр╕Ър╣Йр╕▓р╕Зр╕Др╕гр╕▒р╕Ъ р╣Ар╕бр╕Др╣Ар╕Яр╕гр╕Щр╕Бр╕▒р╕Щр╕Др╕гр╕▒р╕Ъ #р╕зр╕┤р╕Фр╕вр╕▓р╕бр╕Ш #р╕зр╕┤р╕Чр╕вр╕▓р╕бр╕Ш #р╕бр╕Ш
 #р╕Чр╕╡р╕бр╕бр╕Ш #DEK66 #dek66 #р╕Шр╕гр╕гр╕бр╕ир╕▓р╕кр╕Хр╕гр╣М",2023-06-14 08:54:54,2025-05-15 07:57:51,2023,6,14
р╕Др╕Ур╕░р╕зр╕┤р╕Чр╕вр╕▓р╕ир╕▓р╕кр╕Хр╕гр╣Мр╣Бр╕ер╕░р╣Ар╕Чр╕Др╣Вр╕Щр╣Вр╕ер╕вр╕╡,#р╕зр╕┤р╕Фр╕вр╕▓р╕бр╕Ш,@ThriveOn_TU,"""р╕Др╕Ур╕░р╕зр╕┤р╕Чр╕вр╕▓р╕ир╕▓р╕кр╕Хр╕гр╣Мр╣Бр╕ер╕░р╣Ар╕Чр╕Др╣Вр╕Щр╣Вр╕ер╕вр╕╡ р╣Др╕бр╣Ир╕Бр╕╡р╕Фр╕Бр╕▒р╕Щр╣Гр╕Др╕гр╣Бр╕ер╕░р╣Ар╕Ыр╣Зр╕Щр╕Др╕Ур╕░р╕Чр╕╡р╣Ир╕Щр╣Ир╕▓р╕нр╕вр╕╣р╣Ир╕кр╕│р╕лр╕гр╕▒р╕Ър╕Чр╕╕р╕Бр╕Др╕Щ"" 

р╕Щр╣Вр╕вр╕Ър╕▓р╕вр╕Вр╕нр╕Зр╕Бр╣Йр╕▓р╕зр╣Гр╕лр╕бр╣И р╣Ар╕Бр╕┤р╕Фр╕Ир╕▓р╕Бр╕Ыр╕▒р╕Нр╕лр╕▓р╕Чр╕╡р╣Ир╣Ар╕Бр╕┤р╕Фр╕Вр╕╢р╣Йр╕Щр╕Ир╕гр╕┤р╕Зр╣Бр╕ер╕░р╕вр╕▒р╕Зр╣Др╕бр╣Ир╕Цр╕╣р╕Бр╣Бр╕Бр╣Йр╣Др╕Вр╕ар╕▓р╕вр╣Гр╕Щр╕Др╕Ур╕░

#16р╕бр╕┤р╕Цр╕╕р╕Щр╕▓р╕зр╕┤р╕Фр╕вр╕▓р╕бр╕╡р╣Ар╕ер╕╖р╕нр╕Бр╕Хр╕▒р╣Йр╕З #р╕Бр╣Йр╕▓р╕з2р╕лр╕бр╣И #р╕зр╕┤р╕Фр╕вр╕▓р╕бр╕Ш #р╣Ар╕ер╕╖р╕нр╕Бр╕Хр╕▒р╣Йр╕Зр╕Бр╕Щр╕зр╕Ч66 #р╕Юр╕гр╕гр╕Др╕Бр╣Йр╕▓р╕зр╣Гр╕лр╕бр╣И #Thriveon #р╕Бр╕▓xр╕Бр╣Йр╕▓р╕зр╣Гр╕лр╕бр╣И #р╣Ар╕ер╕╖р╕нр╕Бр╕Хр╕▒р╣Йр╕Зр╕Бр╕Щр╕зр╕Чр╣Ар╕ер╕╖р╕нр╕Бр╣Ар╕Ър╕нр╕гр╣М2",2023-06-14 05:12:51,2025-05-15 07:57:51,2023,6,14
р╕Др╕Ур╕░р╕зр╕┤р╕Чр╕вр╕▓р╕Бр╕▓р╕гр╣Ар╕гр╕╡р╕вр╕Щр╕гр╕╣р╣Йр╣Бр╕ер╕░р╕ир╕╢р╕Бр╕йр╕▓р╕ир╕▓р╕кр╕Хр╕гр╣М,#lsedtu,@LsCEJLJkJ1EQGs2,#LSEdtu #dek67  #р╣Ар╕Фр╣Зр╕Бр╕Лр╕┤р╣Ир╕з #р╕бр╕Ш #р╕Шр╕гр╕гр╕бр╕ир╕▓р╕кр╕Хр╕гр╣М #TCAS67  #р╕кр╕нр╕Ър╕Хр╕┤р╕Ф #PortfolioDay,2023-11-08 05:35:59,2025-05-15 07:59:58,2023,11,8
р╕Др╕Ур╕░р╕зр╕┤р╕Чр╕вр╕▓р╕Бр╕▓р╕гр╣Ар╕гр╕╡р╕вр╕Щр╕гр╕╣р╣Йр╣Бр╕ер╕░р╕ир╕╢р╕Бр╕йр╕▓р╕ир╕▓р╕кр╕Хр╕гр╣М,#lsedtu,@jkstayhigh,р╣Вр╕нр╕Бр╕▓р╕кр╕Фр╕╡р╣Жр╣Бр╕Ър╕Ър╕Щр╕╡р╣Йр╕бр╕▓р╣Ар╕Вр╣Йр╕▓р╕гр╣Ир╕зр╕бр╕Бр╕▒р╕Щр╣Ар╕вр╕нр╕░р╣Жр╕Щр╕░р╕Др╕░ #LSEd #LSEdTU,2022-02-25 07:20:34,2025-05-15 07:59:58,2022,2,25
р╕Др╕Ур╕░р╕зр╕┤р╕Чр╕вр╕▓р╕Бр╕▓р╕гр╣Ар╕гр╕╡р╕вр╕Щр╕гр╕╣р╣Йр╣Бр╕ер╕░р╕ир╕╢р╕Бр╕йр╕▓р╕ир╕▓р╕кр╕Хр╕гр╣М,#lsedtu,@cutestbananaz,"р╕Др╕Щр╕Чр╕╡р╣Ир╣Др╕бр╣Ир╕Кр╕нр╕Ър╕Юр╕Бр╣Вр╕Чр╕гр╕ир╕▒р╕Юр╕Чр╣Мр╕нр╕вр╣Ир╕▓р╕Зр╕Кр╕▒р╣Йр╕Щр╣Ар╕кр╕╡р╕вр╣Гр╕Ир╕бр╕▓р╕Бр╕Хр╕нр╕Щр╣Бр╕гр╕Бр╣Ар╕ер╕╖р╕нр╕Бр╣Др╕Ыр╕ер╕░р╕гр╕░р╕Ър╕Ър╕ер╣Ир╕б 
#LSEdTU",2021-08-01 12:47:45,2025-05-15 07:59:58,2021,8,1
р╕Др╕Ур╕░р╕зр╕┤р╕Чр╕вр╕▓р╕Бр╕▓р╕гр╣Ар╕гр╕╡р╕вр╕Щр╕гр╕╣р╣Йр╣Бр╕ер╕░р╕ир╕╢р╕Бр╕йр╕▓р╕ир╕▓р╕кр╕Хр╕гр╣М,#lsedtu,@Itsmepuppy1st,"р╕бр╕╡р╣Гр╕Др╕гр╕Юр╕нр╕Ир╕░р╕Чр╕гр╕▓р╕Ър╕бр╕▒р╣Йр╕вр╕Др╕░ р╕зр╣Ир╕▓ р╕Др╕Ур╕░р╕зр╕┤р╕Чр╕вр╕▓р╕Бр╕▓р╕гр╣Ар╕гр╕╡р╕вр╕Щр╕гр╕╣р╣Йр╣Бр╕ер╕░р╕ир╕╢р╕Бр╕йр╕▓р╕ир╕▓р╕кр╕Хр╕гр╣М р╕Вр╕нр╕Зр╕бр╕Ш. р╕бр╕╡ р╕Бр╕╣р╣Йр╕Бр╕гр╕н. р╕бр╕▒р╣Йр╕вр╕Др╕░ #р╕бр╕Ш #TU #dek65 #lsedtu #lsed
#thammasat",2021-07-02 13:34:50,2025-05-15 07:59:59,2021,7,2
р╕Др╕Ур╕░р╕зр╕┤р╕Чр╕вр╕▓р╕Бр╕▓р╕гр╣Ар╕гр╕╡р╕вр╕Щр╕гр╕╣р╣Йр╣Бр╕ер╕░р╕ир╕╢р╕Бр╕йр╕▓р╕ир╕▓р╕кр╕Хр╕гр╣М,#lsedtu,@Jeed_lnwza,р╕лр╕зр╕▒р╕Фр╕Фр╕╡р╕Др╣Йр╕▓р╕Ър╕Ъ р╣Гр╕Др╕гр╕Хр╕┤р╕Фр╕Др╕Ур╕░р╕Щр╕╡р╣Йр╕Чр╕▒р╕Бр╕бр╕▓р╕лр╕▓р╣Ар╕Др╣Йр╕▓р╣Др╕Фр╣Йр╣Ар╕ер╕вр╕Щр╣Йр╕▓р╕▓ р╕Ир╕░р╕Юр╕▓р╣Ар╕Вр╣Йр╕▓р╕Бр╕ер╕╕р╣Ир╕бр╣Др╕ер╕Щр╣Мр╕ор╕▒р╕Ър╕Ъ   #LSEdtu #tu #DEK64 #tuLSEd,2021-05-26 06:53:49,2025-05-15 07:59:59,2021,5,26
р╕Др╕Ур╕░р╕зр╕┤р╕Чр╕вр╕▓р╕Бр╕▓р╕гр╣Ар╕гр╕╡р╕вр╕Щр╕гр╕╣р╣Йр╣Бр╕ер╕░р╕ир╕╢р╕Бр╕йр╕▓р╕ир╕▓р╕кр╕Хр╕гр╣М,#lsedtu,@anothernui,"р╕Хр╕┤р╕Ф Lsed р╕зр╕┤р╕Чр╕вр╕▓р╕Бр╕▓р╕гр╣Ар╕гр╕╡р╕вр╕Щр╕гр╕╣р╣Й р╕бр╕Шр╣Бр╕Ир╕Б100р╕Щр╕╢р╕Зр╕Др╣Ир╕░р╕Зр╕Ър╕Щр╣Йр╕нр╕вр╣Бр╕Хр╣Ир╕нр╕вр╕▓р╕Бр╕Хр╕┤р╕Фр╕гр╕╡р╕нр╕вр╣Ир╕▓р╕Зр╣Ар╕Фр╕╡р╕вр╕зр╕Др╣Ир╕░ #р╕Чр╕╡р╕бр╕бр╕Ш #dek64
#lsedtu",2021-05-01 02:53:40,2025-05-15 07:59:59,2021,5,1
р╕Др╕Ур╕░р╕зр╕┤р╕Чр╕вр╕▓р╕Бр╕▓р╕гр╣Ар╕гр╕╡р╕вр╕Щр╕гр╕╣р╣Йр╣Бр╕ер╕░р╕ир╕╢р╕Бр╕йр╕▓р╕ир╕▓р╕кр╕Хр╕гр╣М,#lsedtu,@anothernui,"р╕бр╕╡р╣Гр╕Др╕гр╕Ир╕░р╕вр╕╖р╣Ир╕Щр╕зр╕┤р╕Чр╕вр╕▓р╕Бр╕▓р╕гр╣Ар╕гр╕╡р╕вр╕Щр╕гр╕╣р╣Й lsedр╕Ър╣Йр╕▓р╕Зр╣Др╕лр╕бр╕Др╕░ #р╕Чр╕╡р╕бр╕бр╕Ш #lsedtu
#DEK64",2021-04-29 13:14:40,2025-05-15 07:59:59,2021,4,29
р╕Др╕Ур╕░р╕зр╕┤р╕Чр╕вр╕▓р╕Бр╕▓р╕гр╣Ар╕гр╕╡р╕вр╕Щр╕гр╕╣р╣Йр╣Бр╕ер╕░р╕ир╕╢р╕Бр╕йр╕▓р╕ир╕▓р╕кр╕Хр╕гр╣М,#lsedtu,@Dek6479682084,р╕Др╕░р╣Бр╕Щр╕Щad 21000+ р╣Бр╕Хр╣Ир╣Ар╕Бр╕гр╕Фр╣Бр╕Др╣И2.99 р╣Др╕бр╣Ир╕Цр╕╢р╕З 3 р╣Бр╕Ър╕Ър╕Щр╕╡р╣Йр╕Ир╕░р╕вр╕╖р╣Ир╕Щр╣Др╕Фр╣Йр╕бр╕▒р╣Йр╕вр╕Др╕░ р╕нр╕╡р╕Бр╣Бр╕Др╣Ир╕Щр╕┤р╕Фр╣Ар╕Фр╕╡р╕вр╕з р╕Кр╣Ир╕зр╕вр╕Хр╕нр╕Ър╣Ар╕гр╕▓р╕лр╕Щр╣Ир╕нр╕вр╕Др╣Ир╕░ р╕Бр╕▒р╕Зр╕зр╕ер╕бр╕▓р╕Б #LSEdTU,2021-04-29 04:26:25,2025-05-15 07:59:59,2021,4,29
р╕Др╕Ур╕░р╕зр╕┤р╕Чр╕вр╕▓р╕Бр╕▓р╕гр╣Ар╕гр╕╡р╕вр╕Щр╕гр╕╣р╣Йр╣Бр╕ер╕░р╕ир╕╢р╕Бр╕йр╕▓р╕ир╕▓р╕кр╕Хр╕гр╣М,#lsedtu,@noturxreverie,р╕бр╕╡р╣Гр╕Др╕гр╕Ир╕░р╕вр╕╖р╣Ир╕Щр╕лр╕гр╕╖р╕нр╕Хр╕┤р╕Ф(р╕Ыр╕╡р╕Бр╣Ир╕нр╕Щр╣Ж)р╕Др╕Ур╕░р╕зр╕┤р╕Чр╕вр╕▓р╕Бр╕▓р╕гр╣Ар╕гр╕╡р╕вр╕Щр╕гр╕╣р╣Йр╣Бр╕ер╕░р╕ир╕╢р╕Бр╕йр╕▓р╕ир╕▓р╕кр╕Хр╕гр╣М р╕бр╕Ш р╕гр╕нр╕Ъ3 р╕бр╕▒р╣Йр╕вр╕Др╕░ р╣Ар╕Юр╕┤р╣Ир╕Зр╕бр╕▓р╣Ар╕Ир╕нр╕Др╕Ур╕░р╕Щр╕╡р╣Йр╣Бр╕ер╣Йр╕зр╕кр╕Щр╣Гр╕Ир╕бр╕▓р╕Бр╣Ж р╣Бр╕Хр╣Ир╕гр╕нр╕Ъ3 р╕гр╕▒р╕Ър╕Щр╣Йр╕нр╕вр╕бр╕▓р╕Бр╣Ар╕ер╕в;;тАФтАФтАФ;; #Dek64 #LSEdTU #р╕бр╕Ш #р╕Чр╕╡р╕бр╕бр╕Ш #TULSEd,2021-03-25 15:24:26,2025-05-15 07:59:59,2021,3,25
р╕Др╕Ур╕░р╕зр╕┤р╕Чр╕вр╕▓р╕Бр╕▓р╕гр╣Ар╕гр╕╡р╕вр╕Щр╕гр╕╣р╣Йр╣Бр╕ер╕░р╕ир╕╢р╕Бр╕йр╕▓р╕ир╕▓р╕кр╕Хр╕гр╣М,#lsedtu,@alpacaisdabest,"р╕Вр╕нр╕Юр╕Ч.р╕Вр╕▓р╕вр╕Ър╕Чр╕Др╕зр╕▓р╕бр╣Ар╕Бр╕╡р╣Ир╕вр╕зр╕Бр╕▒р╕Ър╕Др╕Ур╕░р╕Хр╕▒р╕зр╣Ар╕нр╕Зр╕Лр╕░р╕лр╕Щр╣Ир╕нр╕в р╕Эр╕▓р╕Бр╕Щр╣Йр╕нр╕З р╣Ж #dek64
#TCAS р╣Гр╕Др╕гр╕Чр╕╡р╣Ир╕кр╕Щр╣Гр╕И #р╕Др╕Ур╕░р╕зр╕┤р╕Чр╕вр╕▓р╕Бр╕▓р╕гр╣Ар╕гр╕╡р╕вр╕Щр╕гр╕╣р╣Йр╣Бр╕ер╕░р╕ир╕╢р╕Бр╕йр╕▓р╕ир╕▓р╕кр╕Хр╕гр╣М #LSEdTU р╕Хр╣Йр╕нр╕Зр╕нр╣Ир╕▓р╕Щ! р╕Хр╣Йр╕нр╕Зр╕нр╣Ир╕▓р╕Щр╣Ар╕Чр╣Ир╕▓р╕Щр╕▒р╣Йр╕Щ р╕нр╣Ир╕▓р╕Щр╣Бр╕ер╣Йр╕зр╕бр╕╡р╕Др╕│р╕Цр╕▓р╕б р╕Чр╕▒р╕БDMр╣Др╕Фр╣Йр╣Ар╕ер╕вр╕Др╣Ир╕▓
http://Dek-D.com https://dek-d.com/board/view/3971683/тАж",2020-11-19 17:11:32,2025-05-15 07:59:59,2020,11,19
р╕Др╕Ур╕░р╕зр╕┤р╕Чр╕вр╕▓р╕Бр╕▓р╕гр╣Ар╕гр╕╡р╕вр╕Щр╕гр╕╣р╣Йр╣Бр╕ер╕░р╕ир╕╢р╕Бр╕йр╕▓р╕ир╕▓р╕кр╕Хр╕гр╣М,#lsedtu,@alpacaisdabest,"р╕зр╣Ир╕▓р╣Др╕Ыр╕Др╕╕р╕Ур╕Юр╕╡р╣И р╕Хр╕┤р╕Фр╕нр╕▒р╕Щр╕Фр╕▒р╕Ър╕Чр╕╡р╣И23 р╣Ар╕Йр╕в р╕Др╕░р╣Бр╕Щр╕Щ22000 р╣Гр╕Др╕гр╕кр╕Щр╣Гр╕И #р╕зр╕┤р╕Чр╕вр╕▓р╕Бр╕▓р╕гр╣Ар╕гр╕╡р╕вр╕Щр╕гр╕╣р╣Йр╣Бр╕ер╕░р╕ир╕╢р╕Бр╕йр╕▓р╕ир╕▓р╕кр╕Хр╕гр╣М #LSEdTU DMр╣Ар╕гр╕▓р╕бр╕▓р╣Др╕Фр╣Йр╕Щр╣Йр╕▓р╕▓ р╕Цр╕▓р╕бр╣Др╕Фр╣Йр╕Хр╕нр╕Ър╣Др╕Фр╣Йр╕Чр╕╕р╕Бр╣Ар╕гр╕╖р╣Ир╕нр╕Зр╣Ар╕ер╕в р╣Ар╕Ыр╣Зр╕Щр╕Бр╕│р╕ер╕▒р╕Зр╣Гр╕Ир╣Гр╕лр╣Йр╕Чр╕╕р╕Бр╕Др╕Щр╕Др╣Йр╕▓р╕Ър╕Ъ р╣Ар╕вр╣Й
р╕Вр╕нр╕Ър╕Др╕╕р╕Ур╕Вр╣Йр╕нр╕бр╕╣р╕ер╕Ир╕▓р╕Б @PreTCASexam
#TCAS64 #DEK64 #dek63",2020-09-18 12:29:54,2025-05-15 07:59:59,2020,9,18
р╕Др╕Ур╕░р╕зр╕┤р╕Чр╕вр╕▓р╕Бр╕▓р╕гр╣Ар╕гр╕╡р╕вр╕Щр╕гр╕╣р╣Йр╣Бр╕ер╕░р╕ир╕╢р╕Бр╕йр╕▓р╕ир╕▓р╕кр╕Хр╕гр╣М,#lsedtu,@ssupervalentine,р╣Ар╕Юр╕╖р╣Ир╕нр╕Щр╣Ж #dek63 р╣Гр╕Др╕гр╕Хр╕┤р╕Фр╕Др╕Ур╕░ р╕зр╕┤р╕Чр╕вр╕▓р╕Бр╕▓р╕гр╣Ар╕гр╕╡р╕вр╕Щр╕гр╕╣р╣Йр╣Бр╕ер╕░р╕ир╕╢р╕Бр╕йр╕▓р╕ир╕▓р╕кр╕Хр╕гр╣М р╕бр╕Ш. р╣Бр╕ер╣Йр╕зр╕вр╕▒р╕Зр╣Др╕бр╣Ир╣Ар╕Вр╣Йр╕▓р╕Бр╕ер╕╕р╣Ир╕б dm р╣Ар╕гр╕▓р╕бр╕▓р╕лр╕Щр╣Ир╕нр╕в р╣Ар╕Фр╕╡р╣Лр╕вр╕зр╕Юр╕▓р╣Ар╕Вр╣Йр╕▓ р╕Юр╕╡р╣Ир╣Жр╣Ар╕Др╣Йр╕▓р╕Щр╣Ир╕▓р╕гр╕▒р╕Бр╕Бр╕▒р╕Щр╕бр╕▓р╕Бр╕Бр╕Б р╕Др╕┤р╕Др╕┤ #LSEdTU,2020-05-29 12:35:51,2025-05-15 08:00:30,2020,5,29
р╕Др╕Ур╕░р╕зр╕┤р╕Чр╕вр╕▓р╕Бр╕▓р╕гр╣Ар╕гр╕╡р╕вр╕Щр╕гр╕╣р╣Йр╣Бр╕ер╕░р╕ир╕╢р╕Бр╕йр╕▓р╕ир╕▓р╕кр╕Хр╕гр╣М,#lsedtu,@alpacaisdabest,"р╣Др╕лр╕Щр╣Гр╕Др╕гр╕Хр╕┤р╕Ф #р╕Др╕Ур╕░р╕зр╕┤р╕Чр╕вр╕▓р╕Бр╕▓р╕гр╣Ар╕гр╕╡р╕вр╕Щр╕гр╕╣р╣Йр╣Бр╕ер╕░р╕ир╕╢р╕Бр╕йр╕▓р╕ир╕▓р╕кр╕Хр╕гр╣М #LSEd #LSEdTU р╕Кр╕╣р╕бр╕╖р╕нр╕Вр╕╢р╣Йр╕Щр╣Бр╕ер╣Йр╕зр╕лр╕бр╕╕р╕Щр╣Ж р╕Кр╕╣р╕бр╕╖р╕нр╕Вр╕╢р╣Йр╕Щр╣Вр╕Ър╕Бр╣Др╕Ыр╕бр╕▓р╕Др╣Ир╕░ 
CongraTUlations р╕Бр╕▒р╕Ър╕Щр╣Йр╕нр╕Зр╣Жр╕Чр╕╕р╕Бр╕Др╕Щ р╕Чр╕╕р╕Бр╕гр╕нр╕Ър╣Ар╕ер╕вр╕Щр╕░р╕Др╕░ р╕лр╕ер╕▒р╕Зр╕Ир╕▓р╕Бр╕Щр╕╡р╣Й р╕Чр╕▓р╕Зр╕Др╕Ур╕░р╕лр╕гр╕╖р╕нр╕Чр╕▓р╕Зр╕б. р╕Ир╕░р╕бр╕╡р╕Бр╕│р╕лр╕Щр╕Фр╕Бр╕▓р╕гр╕вр╕▒р╕Зр╣Др╕Зр╕Ър╣Йр╕▓р╕З р╕Хр╕┤р╕Фр╕Хр╕▓р╕бр╣Др╕Фр╣Йр╕Чр╕╡р╣Ир╣Ар╕Юр╕ИFB р╕Др╕Ур╕░р╕Бр╕гр╕гр╕бр╕Бр╕▓р╕гр╕Щр╕▒р╕Бр╕ир╕╢р╕Бр╕йр╕▓ р╕Др╕Ур╕░р╕зр╕┤р╕Чр╕вр╕▓р╕Бр╕▓р╕гр╣Ар╕гр╕╡р╕вр╕Щр╕гр╕╣р╣Йр╣Бр╕ер╕░р╕ир╕╢р╕Бр╕йр╕▓р╕ир╕▓р╕кр╕Хр╕гр╣М р╣Др╕Фр╣Йр╣Ар╕гр╕вр╣Бр╕бр╕гр╣К",2020-05-28 08:20:44,2025-05-15 08:00:30,2020,5,28
р╕Др╕Ур╕░р╕зр╕┤р╕Чр╕вр╕▓р╕Бр╕▓р╕гр╣Ар╕гр╕╡р╕вр╕Щр╕гр╕╣р╣Йр╣Бр╕ер╕░р╕ир╕╢р╕Бр╕йр╕▓р╕ир╕▓р╕кр╕Хр╕гр╣М,#lsedtu,@jamess_vogel,р╣Др╕лр╕Щр╣Гр╕Др╕гр╕Хр╕┤р╕Фр╕зр╕┤р╕Чр╕вр╕▓р╕Бр╕▓р╕гр╣Ар╕гр╕╡р╕вр╕Щр╕гр╕╣р╣Йр╣Бр╕ер╕░р╕ир╕╢р╕Бр╕йр╕▓р╕ир╕▓р╕кр╕Хр╕гр╣М р╕Шр╕гр╕гр╕бр╕ир╕▓р╕кр╕Хр╕гр╣Мр╕Ър╣Йр╕▓р╕Зр╣Ар╕нр╣Ир╕в р╕Бр╣Ир╕нр╕Щр╕нр╕╖р╣Ир╕Щр╕вр╕┤р╕Щр╕Фр╕╡р╕Бр╕▒р╕Ър╕Щр╣Йр╕нр╕З р╣Ж р╕Фр╣Йр╕зр╕вр╕Щр╕░р╕Др╕гр╕▒р╕Ъ  р╕Юр╕нр╕бр╕╡р╕Щр╣Йр╕нр╕Зр╣Ар╕Юр╕┤р╣Ир╕бр╕Юр╕╡р╣Ир╕Бр╣Зр╕Бр╕ер╕▓р╕вр╣Ар╕Ыр╣Зр╕Щр╣Ар╕Фр╣Зр╕Бр╕Ыр╕╡ 4 р╣Др╕Ыр╕кр╕░р╣Бр╕ер╣Йр╕з  р╕Юр╕╡р╣Ир╕Бр╣Зр╣Др╕бр╣Ир╕бр╕╡р╣Др╕гр╕бр╕▓р╕Бр╕Эр╕▓р╕Бр╣Ар╕Вр╣Йр╕▓р╕бр╕▓р╕Кр╕бр╕гр╕╡р╕зр╕┤р╕зр╕Хр╕╢р╕Бр╕Др╕Ур╕░р╕нр╕▒р╕Щр╕кр╕зр╕вр╕Зр╕▓р╕бр╕Вр╕нр╕Зр╣Ар╕гр╕▓р╣Др╕зр╣Йр╣Гр╕лр╣Йр╕Фр╕╣р╕Бр╕▒р╕Щ р╣Бр╕ер╣Йр╕зр╣Ар╕Ир╕нр╕Бр╕▒р╕Щр╕Чр╕╡р╣Ир╕Др╕Ур╕░р╕Др╕гр╕▒р╕Ъ https://youtu.be/MXxfxUY4AdU #dek63 #р╕Чр╕╡р╕бр╕бр╕Ш #lsed #lsedtu,2020-05-27 18:35:40,2025-05-15 08:00:30,2020,5,27
р╕Др╕Ур╕░р╕зр╕┤р╕Чр╕вр╕▓р╕Бр╕▓р╕гр╣Ар╕гр╕╡р╕вр╕Щр╕гр╕╣р╣Йр╣Бр╕ер╕░р╕ир╕╢р╕Бр╕йр╕▓р╕ир╕▓р╕кр╕Хр╕гр╣М,#lsedtu,@ssupervalentine,р╣Гр╕Др╕гр╕Хр╕┤р╕Фр╕зр╕┤р╕Чр╕вр╕▓р╕Бр╕▓р╕гр╣Ар╕гр╕╡р╕вр╕Щр╕гр╕╣р╣Йр╣Бр╕ер╕░р╕ир╕╢р╕Бр╕йр╕▓р╕ир╕▓р╕кр╕Хр╕гр╣М р╕бр╕Ш.р╕Ър╣Йр╕▓р╕Зр╕Зр╕Зр╕Зр╕Зр╕Зр╕Зр╕Зр╕З #LSEdTU #dek63,2020-05-27 17:57:15,2025-05-15 08:00:30,2020,5,27
р╕Др╕Ур╕░р╕зр╕┤р╕Чр╕вр╕▓р╕Бр╕▓р╕гр╣Ар╕гр╕╡р╕вр╕Щр╕гр╕╣р╣Йр╣Бр╕ер╕░р╕ир╕╢р╕Бр╕йр╕▓р╕ир╕▓р╕кр╕Хр╕гр╣М,#lsedtu,@T_Uerpairojkit,"These people were the first to call me a teacher, and today they have just completed their degrees! 

So proud and honoured to have been a part of your journey. Can't wait to see what great things you will create with your talents, creativity and kind hearts.

#LSEd #LSEdTU",2020-05-20 09:20:15,2025-05-15 08:00:30,2020,5,20
р╕Др╕Ур╕░р╕зр╕┤р╕Чр╕вр╕▓р╕Бр╕▓р╕гр╣Ар╕гр╕╡р╕вр╕Щр╕гр╕╣р╣Йр╣Бр╕ер╕░р╕ир╕╢р╕Бр╕йр╕▓р╕ир╕▓р╕кр╕Хр╕гр╣М,#lsed,@nongmiichan,"р╕Яр╕нр╕гр╣Мр╕бр╕кр╕│р╕гр╕зр╕Ир╕Др╕░р╣Бр╕Щр╕Щ #LSEd TU р╕Др╣Йр╕▓р╕Ъ р╕Эр╕▓р╕Бр╕Фр╣Йр╕зр╕вр╕Щр╕░р╕Др╕▒р╕Ъ #dek68 

kw lsed р╣Бр╕нр╕ер╣Ар╕кр╕Ф р╕зр╕┤р╕Чр╕вр╕▓р╕Бр╕▓р╕гр╣Ар╕гр╕╡р╕вр╕Щр╕гр╕╣р╣Йр╣Бр╕ер╕░р╕ир╕╢р╕Бр╕йр╕▓р╕ир╕▓р╕кр╕Хр╕гр╣М р╕бр╕Ш",2025-05-02 11:11:51,2025-05-15 07:59:40,2025,5,2
р╕Др╕Ур╕░р╕зр╕┤р╕Чр╕вр╕▓р╕Бр╕▓р╕гр╣Ар╕гр╕╡р╕вр╕Щр╕гр╕╣р╣Йр╣Бр╕ер╕░р╕ир╕╢р╕Бр╕йр╕▓р╕ир╕▓р╕кр╕Хр╕гр╣М,#lsed,@ldehai,"#lsed #EarthDay
Earth Day, celebrated annually on April 22, is a global event to raise awareness about environmental protection and sustainability. Initiated in 1970 in the United States, it promotes actions like reducing waste, conserving energy, and advocating for policies to",2025-04-23 03:34:29,2025-05-15 07:59:40,2025,4,23
р╕Др╕Ур╕░р╕зр╕┤р╕Чр╕вр╕▓р╕Бр╕▓р╕гр╣Ар╕гр╕╡р╕вр╕Щр╕гр╕╣р╣Йр╣Бр╕ер╕░р╕ир╕╢р╕Бр╕йр╕▓р╕ир╕▓р╕кр╕Хр╕гр╣М,#lsed,@ldehai,"#LSED
An open relationship allows partners to maintain a primary bond while consensually engaging in romantic or sexual relationships with others. Based on communication, trust, and agreed boundaries, it ranges from sexual openness to polyamory. Benefits include freedom and",2025-04-21 21:13:57,2025-05-15 07:59:40,2025,4,21
р╕Др╕Ур╕░р╕зр╕┤р╕Чр╕вр╕▓р╕Бр╕▓р╕гр╣Ар╕гр╕╡р╕вр╕Щр╕гр╕╣р╣Йр╣Бр╕ер╕░р╕ир╕╢р╕Бр╕йр╕▓р╕ир╕▓р╕кр╕Хр╕гр╣М,#lsed,@isra_ceraas,"LтАЩ@isra_ceraas a eu le plaisir dтАЩaccueillir, ce 26 f├йv,lтАЩ├йquipe p├йdagogique du Lyc├йe Scientifique dтАЩExcellence de Diourbel (#LSED)dans le cadre dтАЩune visite institutionnelle.

#CERAAS
 #LSED 
#Science 
#Recherche
 #├Йducation",2025-02-27 11:12:02,2025-05-15 07:59:40,2025,2,27
р╕Др╕Ур╕░р╕зр╕┤р╕Чр╕вр╕▓р╕Бр╕▓р╕гр╣Ар╕гр╕╡р╕вр╕Щр╕гр╕╣р╣Йр╣Бр╕ер╕░р╕ир╕╢р╕Бр╕йр╕▓р╕ир╕▓р╕кр╕Хр╕гр╣М,#lsed,@yuktaitukwan,р╣Гр╕Др╕гр╕Хр╕┤р╕Фр╕гр╕нр╕Ър╕Юр╕нр╕гр╣Мр╕Х Lsed р╕кр╕░р╕Фр╕зр╕Бр╣Ар╕Ыр╕┤р╕Фр╕Юр╕нр╕гр╣Мр╕Хр╕бр╕▒р╣Йр╕вр╕Др╕░р╕кр╕│р╕Др╕▒р╕Нр╕Хр╣Ир╕нр╕Кр╕╡р╕зр╕┤р╕Хр╕бр╕▓р╕Бр╕Др╣Ир╕░ #Lsed #TU #lsed #р╕Шр╕гр╕гр╕бр╕ир╕▓р╕кр╕Хр╕гр╣М,2025-02-23 12:57:10,2025-05-15 07:59:40,2025,2,23
р╕Др╕Ур╕░р╕зр╕┤р╕Чр╕вр╕▓р╕Бр╕▓р╕гр╣Ар╕гр╕╡р╕вр╕Щр╕гр╕╣р╣Йр╣Бр╕ер╕░р╕ир╕╢р╕Бр╕йр╕▓р╕ир╕▓р╕кр╕Хр╕гр╣М,#lsed,@ScotIncGrowth,Wowza? ThereтАЩs a rule that needs changing! LoL #LSED,2024-12-19 14:57:23,2025-05-15 07:59:40,2024,12,19
р╕Др╕Ур╕░р╕зр╕┤р╕Чр╕вр╕▓р╕Бр╕▓р╕гр╣Ар╕гр╕╡р╕вр╕Щр╕гр╕╣р╣Йр╣Бр╕ер╕░р╕ир╕╢р╕Бр╕йр╕▓р╕ир╕▓р╕кр╕Хр╕гр╣М,#lsed,@_hiroshi_95,"р╕бр╕╡р╣Гр╕Др╕гр╕нр╕вр╕▓р╕Бр╣Ар╕Вр╣Йр╕▓ lied р╕бр╕Ш р╣Ар╕лр╕бр╕╖р╕нр╕Щр╣Ар╕гр╕▓р╣Др╕лр╕бр╕Др╕▒р╣Йр╕Ъ
#dek68 #lsed #tu #р╕зр╕▒р╕Щр╕Щр╕╡р╣Йр╣Ар╕Фр╣Зр╕Б68р╕Чр╕│р╕нр╕░р╣Др╕г",2024-11-17 10:23:18,2025-05-15 07:59:40,2024,11,17
р╕Др╕Ур╕░р╕зр╕┤р╕Чр╕вр╕▓р╕Бр╕▓р╕гр╣Ар╕гр╕╡р╕вр╕Щр╕гр╕╣р╣Йр╣Бр╕ер╕░р╕ир╕╢р╕Бр╕йр╕▓р╕ир╕▓р╕кр╕Хр╕гр╣М,#lsed,@Domou_Papa_Nd,"#Education concours dтАЩentr├йe au lyc├йe scientifique dтАЩexcellence de Diourbel #LSED 2024/2025 : Les r├йsultats  
#MEN 
#DEXCO 
#excelence 
#scientifique",2024-10-26 12:51:17,2025-05-15 07:59:40,2024,10,26
р╕Др╕Ур╕░р╕зр╕┤р╕Чр╕вр╕▓р╕Бр╕▓р╕гр╣Ар╕гр╕╡р╕вр╕Щр╕гр╕╣р╣Йр╣Бр╕ер╕░р╕ир╕╢р╕Бр╕йр╕▓р╕ир╕▓р╕кр╕Хр╕гр╣М,#lsed,@korkankru,"р╕Ър╕Чр╕Др╕зр╕▓р╕б ""р╣Бр╕Ър╣Ир╕Зр╕Чр╕гр╕▒р╕Юр╕вр╕▓р╕Бр╕гр╕нр╕вр╣Ир╕▓р╕Зр╣Др╕г р╣Гр╕лр╣Йр╕Бр╕▓р╕гр╕ир╕╢р╕Бр╕йр╕▓р╣Др╕Чр╕вр╣Др╕бр╣Ир╣Ар╕лр╕ер╕╖р╣Ир╕нр╕бр╕ер╣Йр╕│""
р╕Ьр╕ер╕┤р╕Хр╣Вр╕Фр╕в р╕Др╕Ур╕░р╕Чр╕│р╕Зр╕▓р╕Щр╕зр╕┤р╕Кр╕▓р╕Бр╕▓р╕г SAT р╕Бр╕▓р╕гр╕ир╕╢р╕Бр╕йр╕▓р╣Бр╕ер╕░р╕Бр╕▓р╕гр╣Ар╕гр╕╡р╕вр╕Щр╕гр╕╣р╣Й р╕кр╕Бр╕кр╕з.
р╕кр╕▓р╕бр╕▓р╕гр╕Цр╕нр╣Ир╕▓р╕Щр╕Ър╕Чр╕Др╕зр╕▓р╕бр╕Йр╕Ър╕▒р╕Ър╣Ар╕Хр╣Зр╕бр╣Др╕Фр╣Йр╕Чр╕╡р╣И : https://korkankru.com/2024/10/21/marginalized-children/тАж
#р╕Бр╕▓р╕гр╕ир╕╢р╕Бр╕йр╕▓р╣Др╕гр╣Йр╕гр╕нр╕вр╕Хр╣Ир╕н #SATр╕Бр╕▓р╕гр╕ир╕╢р╕Бр╕йр╕▓р╣Бр╕ер╕░р╕Бр╕▓р╕гр╣Ар╕гр╕╡р╕вр╕Щр╕гр╕╣р╣Й #р╕кр╕Бр╕кр╕з. #LSEd",2024-10-26 08:28:00,2025-05-15 07:59:40,2024,10,26
р╕Др╕Ур╕░р╕зр╕┤р╕Чр╕вр╕▓р╕Бр╕▓р╕гр╣Ар╕гр╕╡р╕вр╕Щр╕гр╕╣р╣Йр╣Бр╕ер╕░р╕ир╕╢р╕Бр╕йр╕▓р╕ир╕▓р╕кр╕Хр╕гр╣М,#р╕Др╕Ур╕░р╕зр╕┤р╕Чр╕вр╕▓р╕Бр╕▓р╕гр╣Ар╕гр╕╡р╕вр╕Щр╕гр╕╣р╣Йр╣Бр╕ер╕░р╕ир╕╢р╕Бр╕йр╕▓р╕ир╕▓р╕кр╕Хр╕гр╣М,@eduzones,"EZ Review : р╕Др╕Ур╕░р╕зр╕┤р╕Чр╕вр╕▓р╕Бр╕▓р╕гр╣Ар╕гр╕╡р╕вр╕Щр╕гр╕╣р╣Йр╣Бр╕ер╕░р╕ир╕╢р╕Бр╕йр╕▓р╕ир╕▓р╕кр╕Хр╕гр╣М р╕бр╕Ш.. р╣Др╕бр╣Ир╣Гр╕Кр╣Ир╕Др╕гр╕╣ р╣Бр╕ер╣Йр╕зр╣Ар╕гр╕╡р╕вр╕Щр╕нр╕░р╣Др╕г?
.
р╕нр╣Ир╕▓р╕Щр╕Чр╕╡р╣И : https://eduzones.com/2024/08/13/lsedtu/тАж

#dek68 #р╕Др╕Ур╕░р╕зр╕┤р╕Чр╕вр╕▓р╕Бр╕▓р╕гр╣Ар╕гр╕╡р╕вр╕Щр╕гр╕╣р╣Йр╣Бр╕ер╕░р╕ир╕╢р╕Бр╕йр╕▓р╕ир╕▓р╕кр╕Хр╕гр╣М #TU #р╕бр╕Ш #р╕Шр╕гр╕гр╕бр╕ир╕▓р╕кр╕Хр╕гр╣М",2024-08-13 08:51:00,2025-05-15 07:59:50,2024,8,13
р╕Др╕Ур╕░р╕зр╕┤р╕Чр╕вр╕▓р╕Бр╕▓р╕гр╣Ар╕гр╕╡р╕вр╕Щр╕гр╕╣р╣Йр╣Бр╕ер╕░р╕ир╕╢р╕Бр╕йр╕▓р╕ир╕▓р╕кр╕Хр╕гр╣М,#р╕Др╕Ур╕░р╕зр╕┤р╕Чр╕вр╕▓р╕Бр╕▓р╕гр╣Ар╕гр╕╡р╕вр╕Щр╕гр╕╣р╣Йр╣Бр╕ер╕░р╕ир╕╢р╕Бр╕йр╕▓р╕ир╕▓р╕кр╕Хр╕гр╣М,@eduzones,"#EZReview р╕бр╕▓р╕Юр╕╣р╕Фр╕Др╕╕р╕вр╕Бр╕▒р╕Ър╕Юр╕╡р╣Ир╕Бр╕┤р╣Кр╕Я р╕Щр╕▒р╕Бр╕ир╕╢р╕Бр╕йр╕▓р╕Кр╕▒р╣Йр╕Щр╕Ыр╕╡р╕Чр╕╡р╣И 4 р╕Др╕Ур╕░р╕зр╕┤р╕Чр╕вр╕▓р╕Бр╕▓р╕гр╣Ар╕гр╕╡р╕вр╕Щр╕гр╕╣р╣Йр╣Бр╕ер╕░р╕ир╕╢р╕Бр╕йр╕▓р╕ир╕▓р╕кр╕Хр╕гр╣М р╕кр╕▓р╕Вр╕▓р╕зр╕┤р╕Чр╕вр╕▓р╕Бр╕▓р╕гр╣Ар╕гр╕╡р╕вр╕Щр╕гр╕╣р╣Й р╕бр╕лр╕▓р╕зр╕┤р╕Чр╕вр╕▓р╕ер╕▒р╕вр╕Шр╕гр╕гр╕бр╕ир╕▓р╕кр╕Хр╕гр╣М  р╕зр╣Ир╕▓р╕кр╕▓р╕Вр╕▓р╕Щр╕╡р╣Йр╣Ар╕гр╕╡р╕вр╕Щр╣Ар╕Бр╕╡р╣Ир╕вр╕зр╕нр╕░р╣Др╕г р╣Ар╕гр╕╡р╕вр╕Щр╕нр╕░р╣Др╕гр╕Ър╣Йр╕▓р╕З р╕Ир╕Ър╣Др╕Ыр╕Чр╕│р╕Зр╕▓р╕Щр╕нр╕░р╣Др╕г

р╕Фр╕╣р╕Др╕ер╕┤р╕Ы : https://youtu.be/kmFUPM1th-I

#dek68 #р╕Др╕Ур╕░р╕зр╕┤р╕Чр╕вр╕▓р╕Бр╕▓р╕гр╣Ар╕гр╕╡р╕вр╕Щр╕гр╕╣р╣Йр╣Бр╕ер╕░р╕ир╕╢р╕Бр╕йр╕▓р╕ир╕▓р╕кр╕Хр╕гр╣М #TU #р╕бр╕Ш #р╕Шр╕гр╕гр╕бр╕ир╕▓р╕кр╕Хр╕гр╣М",2024-08-09 12:18:00,2025-05-15 07:59:50,2024,8,9
р╕Др╕Ур╕░р╕зр╕┤р╕Чр╕вр╕▓р╕Бр╕▓р╕гр╣Ар╕гр╕╡р╕вр╕Щр╕гр╕╣р╣Йр╣Бр╕ер╕░р╕ир╕╢р╕Бр╕йр╕▓р╕ир╕▓р╕кр╕Хр╕гр╣М,#р╕Др╕Ур╕░р╕зр╕┤р╕Чр╕вр╕▓р╕Бр╕▓р╕гр╣Ар╕гр╕╡р╕вр╕Щр╕гр╕╣р╣Йр╣Бр╕ер╕░р╕ир╕╢р╕Бр╕йр╕▓р╕ир╕▓р╕кр╕Хр╕гр╣М,@lsedtu_official,"р╕Цр╣Йр╕▓р╕кр╕Щр╣Гр╕Ир╕нр╕вр╕▓р╕Бр╣Ар╕Вр╣Йр╕▓р╕бр╕▓р╣Ар╕гр╕╡р╕вр╕Щр╕гр╕╣р╣Йр╕Бр╕▒р╕Ър╕Др╕Ур╕░ LSEd
р╕Хр╕нр╕Щр╕Щр╕╡р╣Йр╕вр╕▒р╕Зр╣Ар╕Ыр╕┤р╕Фр╕гр╕▒р╕Ър╕кр╕бр╕▒р╕Др╕гр╕Ър╕╕р╕Др╕Др╕ер╣Ар╕Вр╣Йр╕▓р╕ир╕╢р╕Бр╕йр╕▓р╕нр╕вр╕╣р╣Ир╕Щр╕░
р╕кр╕▓р╕бр╕▓р╕гр╕Цр╕кр╣Ир╕Зр╣Бр╕Яр╣Йр╕бр╕кр╕░р╕кр╕бр╕Ьр╕ер╕Зр╕▓р╕Щ р╣Гр╕Щр╕гр╕нр╕Ъ 1 : Portfolio
р╣Др╕Фр╣Йр╕Хр╕▒р╣Йр╕Зр╣Бр╕Хр╣Ир╕зр╕▒р╕Щр╕Чр╕╡р╣И 1 - 21 р╕Юр╕др╕ир╕Ир╕┤р╕Бр╕▓р╕вр╕Щ 2566

р╕кр╕бр╕▒р╕Др╕гр╕Ьр╣Ир╕▓р╕Щр╕гр╕░р╕Ър╕Ър╕нр╕нр╕Щр╣Др╕ер╕Щр╣Мр╕Чр╕╡р╣И
https://tuadmissions.in.th

#LSEd #TU #р╕Др╕Ур╕░р╕зр╕┤р╕Чр╕вр╕▓р╕Бр╕▓р╕гр╣Ар╕гр╕╡р╕вр╕Щр╕гр╕╣р╣Йр╣Бр╕ер╕░р╕ир╕╢р╕Бр╕йр╕▓р╕ир╕▓р╕кр╕Хр╕гр╣М #dek67 #TCAS67",2023-11-14 06:14:52,2025-05-15 07:59:50,2023,11,14
р╕Др╕Ур╕░р╕зр╕┤р╕Чр╕вр╕▓р╕Бр╕▓р╕гр╣Ар╕гр╕╡р╕вр╕Щр╕гр╕╣р╣Йр╣Бр╕ер╕░р╕ир╕╢р╕Бр╕йр╕▓р╕ир╕▓р╕кр╕Хр╕гр╣М,#р╕Др╕Ур╕░р╕зр╕┤р╕Чр╕вр╕▓р╕Бр╕▓р╕гр╣Ар╕гр╕╡р╕вр╕Щр╕гр╕╣р╣Йр╣Бр╕ер╕░р╕ир╕╢р╕Бр╕йр╕▓р╕ир╕▓р╕кр╕Хр╕гр╣М,@lsedtu_official,"р╕Бр╕▓р╕гр╣Ар╕гр╕╡р╕вр╕Щр╕гр╕▓р╕вр╕зр╕┤р╕Кр╕▓р╕Др╕Ур╕░р╣Гр╕Щр╕Кр╣Ир╕зр╕Зр╕Кр╕▒р╣Йр╕Щр╕Ыр╕╡р╣Бр╕гр╕Б р╕Вр╕нр╕Зр╕Др╕Ур╕░р╕зр╕┤р╕Чр╕вр╕▓р╕Бр╕▓р╕гр╣Ар╕гр╕╡р╕вр╕Щр╕гр╕╣р╣Йр╣Бр╕ер╕░р╕ир╕╢р╕Бр╕йр╕▓р╕ир╕▓р╕кр╕Хр╕гр╣М р╕Ир╕░р╣Др╕Фр╣Йр╕Юр╕Ър╣Ар╕Ир╕нр╕Бр╕▒р╕Ър╕Ыр╕гр╕░р╣Ар╕Фр╣Зр╕Щр╕Чр╕╡р╣Ир╕Щр╣Ир╕▓р╕кр╕Щр╣Гр╕Ир╕нр╕░р╣Др╕гр╕Ър╣Йр╕▓р╕З р╕Хр╕▓р╕бр╕бр╕▓р╕Фр╕╣р╕зр╕┤р╕Кр╕▓р╣Ар╕лр╕ер╣Ир╕▓р╕Щр╕╡р╣Йр╣Др╕Ыр╕Юр╕гр╣Йр╕нр╕б р╣Ж р╕Бр╕▒р╕Щр╣Ар╕ер╕в !

- р╕зр╕┤р╕Кр╕▓р╕Бр╕▓р╕гр╕кр╕╖р╣Ир╕нр╕кр╕▓р╕гр╣Ар╕Кр╕┤р╕Зр╕кр╕гр╣Йр╕▓р╕Зр╕кр╕гр╕гр╕Др╣М -

#LSEd #TU #р╕Др╕Ур╕░р╕зр╕┤р╕Чр╕вр╕▓р╕Бр╕▓р╕гр╣Ар╕гр╕╡р╕вр╕Щр╕гр╕╣р╣Йр╣Бр╕ер╕░р╕ир╕╢р╕Бр╕йр╕▓р╕ир╕▓р╕кр╕Хр╕гр╣М #dek67 #TCAS67",2023-11-14 06:12:00,2025-05-15 07:59:50,2023,11,14
р╕Др╕Ур╕░р╕зр╕┤р╕Чр╕вр╕▓р╕Бр╕▓р╕гр╣Ар╕гр╕╡р╕вр╕Щр╕гр╕╣р╣Йр╣Бр╕ер╕░р╕ир╕╢р╕Бр╕йр╕▓р╕ир╕▓р╕кр╕Хр╕гр╣М,#р╕Др╕Ур╕░р╕зр╕┤р╕Чр╕вр╕▓р╕Бр╕▓р╕гр╣Ар╕гр╕╡р╕вр╕Щр╕гр╕╣р╣Йр╣Бр╕ер╕░р╕ир╕╢р╕Бр╕йр╕▓р╕ир╕▓р╕кр╕Хр╕гр╣М,@lsedtu_official,"р╕Бр╕▓р╕гр╣Ар╕гр╕╡р╕вр╕Щр╕гр╕▓р╕вр╕зр╕┤р╕Кр╕▓р╕Др╕Ур╕░р╣Гр╕Щр╕Кр╣Ир╕зр╕Зр╕Кр╕▒р╣Йр╕Щр╕Ыр╕╡р╣Бр╕гр╕Б р╕Вр╕нр╕Зр╕Др╕Ур╕░р╕зр╕┤р╕Чр╕вр╕▓р╕Бр╕▓р╕гр╣Ар╕гр╕╡р╕вр╕Щр╕гр╕╣р╣Йр╣Бр╕ер╕░р╕ир╕╢р╕Бр╕йр╕▓р╕ир╕▓р╕кр╕Хр╕гр╣М р╕Ир╕░р╣Др╕Фр╣Йр╕Юр╕Ър╣Ар╕Ир╕нр╕Бр╕▒р╕Ър╕Ыр╕гр╕░р╣Ар╕Фр╣Зр╕Щр╕Чр╕╡р╣Ир╕Щр╣Ир╕▓р╕кр╕Щр╣Гр╕Ир╕нр╕░р╣Др╕гр╕Ър╣Йр╕▓р╕З р╕Хр╕▓р╕бр╕бр╕▓р╕Фр╕╣р╕зр╕┤р╕Кр╕▓р╣Ар╕лр╕ер╣Ир╕▓р╕Щр╕╡р╣Йр╣Др╕Ыр╕Юр╕гр╣Йр╕нр╕б р╣Ж р╕Бр╕▒р╕Щр╣Ар╕ер╕в !

- р╕зр╕┤р╕Кр╕▓р╕Бр╕▓р╕гр╕ир╕╢р╕Бр╕йр╕▓р╣Бр╕ер╕░р╕кр╕▒р╕Зр╕Др╕б -

#LSEd #TU #р╕Др╕Ур╕░р╕зр╕┤р╕Чр╕вр╕▓р╕Бр╕▓р╕гр╣Ар╕гр╕╡р╕вр╕Щр╕гр╕╣р╣Йр╣Бр╕ер╕░р╕ир╕╢р╕Бр╕йр╕▓р╕ир╕▓р╕кр╕Хр╕гр╣М #dek67 #TCAS67",2023-11-14 06:11:36,2025-05-15 07:59:50,2023,11,14
р╕зр╕┤р╕Чр╕вр╕▓р╕ер╕▒р╕вр╕Щр╕зр╕▒р╕Хр╕Бр╕гр╕гр╕б,#р╕Щр╕зр╕▒р╕Хр╕бр╕Ш,@ttmaniis,р╕бр╕╡р╕Юр╕╡р╣Ир╣Жр╕Др╕Щр╣Др╕лр╕Щр╣Ар╕гр╕╡р╕вр╕Щ #BMCI р╕бр╕▒р╣Йр╕вр╕Др╕░ р╕нр╕вр╕▓р╕Бр╣Ар╕Фр╕бр╣Др╕Ыр╕Цр╕▓р╕бр╣Ар╕Юр╕┤р╣Ир╕Чр╣Ар╕Хр╕┤р╕бр╕Др╣Ир╕░ #р╕Щр╕зр╕▒р╕Хр╕бр╕Ш,2025-03-11 03:29:24,2025-05-15 08:02:02,2025,3,11
р╕зр╕┤р╕Чр╕вр╕▓р╕ер╕▒р╕вр╕Щр╕зр╕▒р╕Хр╕Бр╕гр╕гр╕б,#р╕Щр╕зр╕▒р╕Хр╕бр╕Ш,@pr_citu,"р╕Эр╕▓р╕Бр╕Лр╕┤р╕Хр╕╣р╣Йр╣Ар╕нр╕▓р╣Др╕зр╣Йр╣Гр╕Щр╕нр╣Йр╕нр╕бр╕нр╕Бр╕нр╣Йр╕нр╕бр╣Гр╕Ир╕Вр╕нр╕Зр╕Чр╕╕р╕Бр╕Др╕Щр╕Фр╣Йр╕зр╕вр╕Щр╣Йр╕▓р╕▓
р╣Гр╕Др╕гр╣Др╕Фр╣Йр╣Ар╕Вр╣Йр╕▓р╕бр╕▓р╕гр╕▒р╕Ър╕гр╕нр╕Зр╕зр╣Ир╕▓р╕Хр╣Йр╕нр╕Зр╕Хр╕┤р╕Фр╣Гр╕Ир╣Бр╕Щр╣Ир╕Щр╕нр╕Щр╕Щ  р╣Ар╕Юр╕гр╕▓р╕░р╕зр╕┤р╕Чр╕вр╕▓р╕ер╕▒р╕вр╕Щр╕зр╕▒р╕Хр╕Бр╕гр╕гр╕бр╕Вр╕нр╕Зр╣Ар╕гр╕▓р╣Ар╕гр╕╡р╕вр╕Щр╕кр╕Щр╕╕р╕Бр╕бр╣Йр╕▓р╕Бр╕Бр╕Б  

 р╕кр╕Зр╕кр╕▒р╕вр╣Ар╕Юр╕┤р╣Ир╕бр╣Ар╕Хр╕┤р╕бр╕кр╕нр╕Ър╕Цр╕▓р╕бр╣Др╕Фр╣Йр╣Ар╕ер╕вр╕Щр╣Йр╕▓р╕▓ 
 IG : pr.citu
TikTok : pr_citu

#р╕Щр╕зр╕▒р╕Хр╕бр╕Ш #CITU #BMCI #BSI #DX",2024-11-14 15:02:10,2025-05-15 08:02:03,2024,11,14
р╕зр╕┤р╕Чр╕вр╕▓р╕ер╕▒р╕вр╕Щр╕зр╕▒р╕Хр╕Бр╕гр╕гр╕б,#р╕Щр╕зр╕▒р╕Хр╕бр╕Ш,@pr_citu,"р╕Др╕Ур╕░р╕Щр╕зр╕▒р╕Хр╕Бр╕гр╕гр╕б  
р╕зр╕┤р╕Чр╕вр╕▓р╕ер╕▒р╕вр╕Щр╕зр╕▒р╕Хр╕Бр╕гр╕гр╕б  

р╣Др╕лр╕Щр╣Жр╣Жр╕Щр╕зр╕▒р╕Хр╕бр╕Шр╕бр╕▒р╕Щр╕Др╕╖р╕нр╕нр╕░р╣Др╕гCITU р╣Ар╕гр╕╡р╕вр╕Щр╣Ар╕Бр╕╡р╣Ир╕вр╕зр╕Бр╕▒р╕Ър╕нр╕░р╣Др╕гр╕Бр╕▒р╕Щ р╕бр╕╡р╣Гр╕Др╕гр╕гр╕╣р╣Йр╕Ър╣Йр╕▓р╕Зр╕Зр╕З 

PR CITU р╕Ир╕░р╕Юр╕▓р╕Чр╕╕р╕Бр╕Др╕Щр╕бр╕▓р╕гр╕╣р╣Йр╕Ир╕▒р╕Бр╕Бр╕▒р╕Ъ тАЬ р╕зр╕┤р╕Чр╕вр╕▓р╕ер╕▒р╕вр╕Щр╕зр╕▒р╕Хр╕Бр╕гр╕гр╕б р╕бр╕лр╕▓р╕зр╕┤р╕Чр╕вр╕▓р╕ер╕▒р╕вр╕Шр╕гр╕гр╕бр╕ир╕▓р╕кр╕Хр╕гр╣М тАЭ р╕зр╣Ир╕▓р╕Др╕╖р╕нр╕нр╕░р╣Др╕г? р╕бр╕╡р╕Бр╕╡р╣Ир╕кр╕▓р╕Вр╕▓? р╣Бр╕ер╣Йр╕зр╣Бр╕Хр╣Ир╕ер╕░р╕кр╕▓р╕Вр╕▓р╣Ар╕гр╕╡р╕вр╕Щр╣Ар╕Бр╕╡р╣Ир╕вр╕зр╕Бр╕▒р╕Ър╕нр╕░р╣Др╕гр╕Ър╣Йр╕▓р╕Зр╕Щр╕░ ?

#р╕Щр╕зр╕▒р╕Хр╕бр╕Ш #CITU",2024-11-14 14:32:06,2025-05-15 08:02:03,2024,11,14
р╕зр╕┤р╕Чр╕вр╕▓р╕ер╕▒р╕вр╕Щр╕зр╕▒р╕Хр╕Бр╕гр╕гр╕б,#р╕Щр╕зр╕▒р╕Хр╕бр╕Ш,@pr_citu,"р╕Юр╕╡р╣И р╣Ж citu р╕Юр╕гр╣Йр╕нр╕бр╣Гр╕лр╣Йр╕Др╕│р╕Ыр╕гр╕╢р╕Бр╕йр╕▓р╕Щр╣Йр╕нр╕З р╣Ж 
 р╕Ир╕┤р╣Йр╕бр╣Ар╕ер╕в 

You've been invited to join ""CITU for Dek 68"". Visit the link below to join the OpenChat.
https://line.me/ti/g2/8IM1iEvMEDHuyb22uNbMZ9YlLvlNjH7BAxm4xw?utm_source=invitation&utm_medium=link_copy&utm_campaign=defaultтАж

#Thammasat #TU #CITU #DX #BMCI #BSI #TCAS68 #TCAS #dek68 #р╣Ар╕Фр╣Зр╕Бр╕Лр╕┤р╣Ир╕з #р╕Щр╕зр╕▒р╕Хр╕бр╕Ш #р╕Чр╕╡р╕бр╕бр╕Ш #р╕зр╕┤р╕Чр╕вр╕▓р╕ер╕▒р╕вр╕Щр╕зр╕▒р╕Хр╕Бр╕гр╕гр╕б #р╕Шр╕гр╕гр╕бр╕ир╕▓р╕кр╕Хр╕гр╣М",2024-10-12 13:13:21,2025-05-15 08:02:03,2024,10,12
р╕зр╕┤р╕Чр╕вр╕▓р╕ер╕▒р╕вр╕Щр╕зр╕▒р╕Хр╕Бр╕гр╕гр╕б,#р╕Щр╕зр╕▒р╕Хр╕бр╕Ш,@citu_sc,"ЁЭРВЁЭРИЁЭРУЁЭРФтАЩЁЭРТ ЁЭРЗЁЭРАЁЭРФЁЭРНЁЭРУЁЭРДЁЭРГ ЁЭРВЁЭРИЁЭРСЁЭРВЁЭРФЁЭРТ 
р╕нр╕▓р╕Цр╕гр╕гр╕Юр╣Мр╕ер╕▒р╕Ър╣Вр╕гр╕Зр╕ер╕░р╕Др╕гр╕кр╕▒р╕Хр╕зр╣Мр╕Ьр╕╡р╕кр╕┤р╕З

р╣Ар╕гр╕╖р╣Ир╕нр╕Зр╕гр╕▓р╕зр╕нр╕▓р╕Цр╕гр╕гр╕Юр╣Мр╣Бр╕ер╕░р╕Др╕зр╕▓р╕бр╕ер╕╢р╕Бр╕ер╕▒р╕Ър╕Бр╕│р╕ер╕▒р╕Зр╕Ир╕░р╣Ар╕гр╕┤р╣Ир╕бр╕Вр╕╢р╣Йр╕Щ р╣Ар╕лр╕ер╣Ир╕▓ CITU Gen11 р╕Юр╕гр╣Йр╕нр╕бр╕Бр╕▒р╕Щр╕гр╕╢р╕вр╕▒р╕З

6 р╕кр╕┤р╕Зр╕лр╕▓р╕Др╕б 2567

р╣Бр╕ер╣Йр╕зр╕Юр╕Ър╕Бр╕▒р╕Щр╕Чр╕╡р╣И тАЬр╕Зр╕▓р╕Щр╕Ыр╕Рр╕бр╕Щр╕┤р╣Ар╕Чр╕ир╕Щр╕▒р╕Бр╕ир╕╢р╕Бр╕йр╕▓р╣Гр╕лр╕бр╣Ир╕зр╕┤р╕Чр╕вр╕▓р╕ер╕▒р╕вр╕Щр╕зр╕▒р╕Хр╕Бр╕гр╕гр╕б р╕Ыр╕гр╕░р╕Ир╕│р╕Ыр╕╡р╕Бр╕▓р╕гр╕ир╕╢р╕Бр╕йр╕▓2567
#CITU#TU
#р╕Щр╕зр╕▒р╕Хр╕бр╕Ш
#TU90
#CITU11",2024-07-01 12:22:25,2025-05-15 08:02:03,2024,7,1
р╕зр╕┤р╕Чр╕вр╕▓р╕ер╕▒р╕вр╕Щр╕зр╕▒р╕Хр╕Бр╕гр╕гр╕б,#р╕Щр╕зр╕▒р╕Хр╕бр╕Ш,@fujijungfjj,"#р╕гр╕╡р╕зр╕┤р╕з р╕зр╕┤р╕Кр╕▓р╣Ар╕гр╕╡р╕вр╕Щр╣Ар╕Фр╣Зр╕Б BSI р╕ар╕▓р╕Др╕Хр╣Ир╕нр╕н
р╣Гр╕Щр╕Чр╕╡р╣Ир╕кр╕╕р╕Фр╣Ар╕Бр╕гр╕Фр╕Бр╣Зр╕нр╕нр╕Бр╕Др╕гр╕Ъ!! р╕Ыр╕е.р╣Ар╕Чр╕нр╕бр╕Щр╕╡р╣Й A р╕гр╕▒р╕зр╣Жр╣Жр╣Ж р╕Ыр╕╡ 2 р╕Др╕Зр╕Хр╣Йр╕нр╕Зр╕кр╕╣р╣Йр╕Бр╕▒р╕Щр╕кр╕▒р╕Бр╕Хр╕▒р╣Йр╕З
 #р╕Чр╕╡р╕бр╕бр╕Ш #р╕бр╕Ш #р╕Щр╕зр╕▒р╕Хр╕бр╕Ш #bsi #CITU #studygram #dek67 #dek68 #dek69 #р╣Ар╕Фр╣Зр╕Бр╕Лр╕┤р╣Ир╕з #tcas68 #tcas69",2024-06-23 10:54:22,2025-05-15 08:02:03,2024,6,23
р╕зр╕┤р╕Чр╕вр╕▓р╕ер╕▒р╕вр╕Щр╕зр╕▒р╕Хр╕Бр╕гр╕гр╕б,#р╕Щр╕зр╕▒р╕Хр╕бр╕Ш,@fujijungfjj,р╕Бр╕ер╕▒р╕Ър╕бр╕▓р╕Хр╕▓р╕бр╕кр╕▒р╕Нр╕Нр╕▓ #р╕гр╕╡р╕зр╕┤р╕з р╕зр╕┤р╕Кр╕▓р╣Ар╕гр╕╡р╕вр╕Щр╣Ар╕Чр╕нр╕б 1 р╣Бр╕Ър╕Ър╕ер╕░р╣Ар╕нр╕╡р╣Кр╕вр╕Фр╕ер╕░р╣Ар╕нр╕╡р╕вр╕Фр╕Фр╕Фр╕Ф (bsi р╕лр╕ер╕▒р╕Бр╕кр╕╣р╕Хр╕г 66) #р╕Чр╕╡р╕бр╕бр╕Ш #р╕бр╕Ш #р╕Щр╕зр╕▒р╕Хр╕бр╕Ш #bsi #CITU #studygram #dek67 #dek68 #dek69 #р╣Ар╕Фр╣Зр╕Бр╕Лр╕┤р╣Ир╕з #tcas68 #tcas69,2024-06-10 04:13:05,2025-05-15 08:02:03,2024,6,10
р╕зр╕┤р╕Чр╕вр╕▓р╕ер╕▒р╕вр╕Щр╕зр╕▒р╕Хр╕Бр╕гр╕гр╕б,#CITU,@loksaakshya,"рд╕реАрдЯреВ рдХреА рдмреИрдардХ рдореЗрдВ 20 рдордИ рдХреА рд╣рдбрд╝рддрд╛рд▓ рдкрд░ рдЪрд░реНрдЪрд╛, рднреЛрдЬрди рдорд╛рддрд╛рдПрдВ, рдЖрд╢рд╛ рд╡рд░реНрдХрд░реНрд╕ рдФрд░ рдЖрдВрдЧрдирд╡рд╛рдбрд╝реА рднреА рд╣реЛрдВрдЧреА рд╢рд╛рдорд┐рд▓ 
https://loksaakshya.com/discussion-on-the-strike-of-20-may-in-citu-meeting-bhojan-matas-asha-workers-and-anganwadi-will-also-participate/тАж
#CITU #strike #bhojanmaataen #Ashaworkers #Anganwadi #Dehradunnews #Uttarakhandnews #politics #tradeunion",2025-05-12 02:21:26,2025-05-15 08:01:52,2025,5,12
р╕зр╕┤р╕Чр╕вр╕▓р╕ер╕▒р╕вр╕Щр╕зр╕▒р╕Хр╕Бр╕гр╕гр╕б,#CITU,@Theekkathir,"родройро┐ропро╛ро░рпНроороп роироЯро╡роЯро┐роХрпНроХрпИроХрпНроХрпБ роОродро┐ро░рпНрокрпНрокрпБ!

#Theekkathir | #CITU | #ChennaiCorporation",2025-05-11 07:06:52,2025-05-15 08:01:52,2025,5,11
р╕зр╕┤р╕Чр╕вр╕▓р╕ер╕▒р╕вр╕Щр╕зр╕▒р╕Хр╕Бр╕гр╕гр╕б,#CITU,@velu_ramavel,"родрпЛро┤ро░рпН ро╡ро┐.рокро┐. роЪро┐роирпНродройрпН роиро┐ройрпИро╡ро╛роХ роЪро┐роРроЯро┐ропрпБ родрпЖройрпНроЪрпЖройрпНройрпИ рооро╛ро╡роЯрпНроЯ роЕро▓рпБро╡ро▓роХродрпНродро┐ро▓рпН ро░родрпНродродро╛рой роорпБроХро╛роорпН роироЯрпИрокрпЖро▒рпНро▒родрпБ. родрпКро┤ро┐ро▓ро╛ро│ро░рпН роТро▒рпНро▒рпБроорпИропро┐ройрпН роЪро┐ро▒роирпНрод роЙродро╛ро░рогроорпН!

#VPChinthan #CITU #BloodDonationCamp #WorkersUnity #Chennai #TamilNadu #CommunistMovement #RedSalute",2025-05-10 07:38:00,2025-05-15 08:01:52,2025,5,10
р╕зр╕┤р╕Чр╕вр╕▓р╕ер╕▒р╕вр╕Щр╕зр╕▒р╕Хр╕Бр╕гр╕гр╕б,#CITU,@tncpim,"роЗроирпНродро┐ропро╛ро╡ро┐ро▓рпБроорпН роТро░рпБ роЪрпЛроЪро▓ро┐роЪ роЪроорпВроХродрпНродрпИроХрпН роХроЯрпНроЯро┐ роЕроорпИрокрпНрокродро▒рпНроХрпБ роиро╛роорпН рокро╛роЯрпБрокроЯ ро╡рпЗрогрпНроЯрпБроорпН - родрпЛро┤ро░рпН роЕ.роЪро╡рпБроирпНродро┐ро░ро░ро╛роЪройрпН, рооро╛роиро┐ро▓родрпН родро▓рпИро╡ро░рпН #CITU #SocialismIsFuture More: https://youtube.com/shorts/ZYqFa4NhLA8тАж",2025-05-10 06:46:31,2025-05-15 08:01:52,2025,5,10
р╕зр╕┤р╕Чр╕вр╕▓р╕ер╕▒р╕вр╕Щр╕зр╕▒р╕Хр╕Бр╕гр╕гр╕б,#CITU,@cpimsouth,"родрпЛро┤ро░рпН ро╡ро┐.рокро┐. роЪро┐роирпНродройрпН роиро┐ройрпИро╡ро╛роХ роЪро┐роРроЯро┐ропрпБ родрпЖройрпНроЪрпЖройрпНройрпИ рооро╛ро╡роЯрпНроЯ роЕро▓рпБро╡ро▓роХродрпНродро┐ро▓рпН ро░родрпНродродро╛рой роорпБроХро╛роорпН роироЯрпИрокрпЖро▒рпНро▒родрпБ. родрпКро┤ро┐ро▓ро╛ро│ро░рпН роТро▒рпНро▒рпБроорпИропро┐ройрпН роЪро┐ро▒роирпНрод роЙродро╛ро░рогроорпН!

#VPChinthan #CITU #BloodDonationCamp #WorkersUnity #Chennai #TamilNadu #CommunistMovement #RedSalute",2025-05-10 06:25:04,2025-05-15 08:01:52,2025,5,10
р╕зр╕┤р╕Чр╕вр╕▓р╕ер╕▒р╕вр╕Щр╕зр╕▒р╕Хр╕Бр╕гр╕гр╕б,#CITU,@paritoshpattan1,"рж╕рзБрждрж╛рж╣рж╛ржЯрж╛ ржмрзНрж▓ржХрзЗрж░ ржХрзЗржирзНржжрзНрж░рзАржпрж╝ ржЯрзНрж░рзЗржб ржЗржЙржирж┐ржпрж╝ржи, ржлрзЗржбрж╛рж░рзЗрж╢ржи рж╕ржорзВрж╣ ржУ рззрзи ржЬрзБрж▓рж╛ржЗ ржХржорж┐ржЯрж┐рж░ ржЖрж╣ржмрж╛ржирзЗ ржЖржЧрж╛ржорзА рзирзж ржорзЗ 'рзирзжрзирзл рж╕рж░рзНржмржнрж╛рж░рждрзАржпрж╝ рж╕рж╛ржзрж╛рж░ржг ржзрж░рзНржоржШржЯ рж╕ржлрж▓ ржХрж░рждрзЗ ржпрзМрже ржХржиржнрзЗржирж╢ржиред
#CITU #INTUC #AITUC #AIUTUC #Sutahata 
#generalstrike2025 рзмржЗ ржорзЗ 'рзирзжрзирзл",2025-05-09 15:42:46,2025-05-15 08:01:52,2025,5,9
р╕зр╕┤р╕Чр╕вр╕▓р╕ер╕▒р╕вр╕Щр╕зр╕▒р╕Хр╕Бр╕гр╕гр╕б,#CITU,@NirubanG,"роороХродрпНродро╛рой родрпЛро┤ро░рпН ро╡ро┐.рокро┐.роЪро┐.ропро┐ройрпН 38 ро╡родрпБ роиро┐ройрпИро╡рпБ роиро╛ро│ро┐ро▓рпН 27 родрпЛро┤ро░рпНроХро│рпН роЗро░родрпНродродро╛ройроорпН роЪрпЖропрпНродройро░рпН.
родрпЛро┤ро░рпН Ranga Raaj роЕро╡ро░рпНроХро│ро┐ройрпН рокродро┐ро╡рпБ.

#CITU #родро┐ро░рпБрокрпНрокрпВро░рпН",2025-05-09 04:12:10,2025-05-15 08:01:52,2025,5,9
р╕зр╕┤р╕Чр╕вр╕▓р╕ер╕▒р╕вр╕Щр╕зр╕▒р╕Хр╕Бр╕гр╕гр╕б,#CITU,@TheCrossbill,"Workers in India Are On the March

@vijayprashad

#CITU #WorkersRights",2025-05-09 03:11:40,2025-05-15 08:02:16,2025,5,9
р╕зр╕┤р╕Чр╕вр╕▓р╕ер╕▒р╕вр╕Щр╕зр╕▒р╕Хр╕Бр╕гр╕гр╕б,#CITU,@Arkadeb_speaks,#CITU,2025-05-08 19:12:23,2025-05-15 08:02:16,2025,5,8
р╕зр╕┤р╕Чр╕вр╕▓р╕ер╕▒р╕вр╕Щр╕зр╕▒р╕Хр╕Бр╕гр╕гр╕б,#CITUSC,@citu_sc,"schedule
р╕Бр╕│р╕лр╕Щр╕Фр╕Бр╕▓р╕г тАЬр╕Зр╕▓р╕Щр╕Ыр╕Рр╕бр╕Щр╕┤р╣Ар╕Чр╕ир╕Щр╕▒р╕Бр╕ир╕╢р╕Бр╕йр╕▓р╣Гр╕лр╕бр╣Ир╕зр╕┤р╕Чр╕вр╕▓р╕ер╕▒р╕вр╕Щр╕зр╕▒р╕Хр╕Бр╕гр╕гр╕бр╕Ыр╕гр╕░р╕Ир╕│р╕Ыр╕╡р╕Бр╕▓р╕гр╕ир╕╢р╕Бр╕йр╕▓ 2567 [CITU orientation & FirstMeet 2024]тАЭ

 р╕зр╕▒р╕Щр╕Чр╕╡р╣И 6 р╕кр╕┤р╕Зр╕лр╕▓р╕Др╕б 2567 р╣Ар╕зр╕ер╕▓ 9.00-17.30 р╕Щ.

р╕У р╕лр╣Йр╕нр╕Зр╕Ыр╕гр╕░р╕Кр╕╕р╕бр╕ир╕гр╕╡р╕Ър╕╣р╕гр╕Юр╕▓ р╕бр╕лр╕▓р╕зр╕┤р╕Чр╕вр╕▓р╕ер╕▒р╕вр╕Шр╕гр╕гр╕бр╕ир╕▓р╕кр╕Хр╕гр╣М р╕Чр╣Ир╕▓р╕Юр╕гр╕░р╕Ир╕▒р╕Щр╕Чр╕гр╣М

#CITUSC#CITU#TU
#CITUFirstMeet2024
#TU90",2024-08-02 12:12:58,2025-05-15 08:01:48,2024,8,2
р╕зр╕┤р╕Чр╕вр╕▓р╕ер╕▒р╕вр╕Щр╕зр╕▒р╕Хр╕Бр╕гр╕гр╕б,#CITUSC,@citu_sc,"р╕бр╕▓р╕гр╣Ир╕зр╕бр╣Ар╕Ыр╣Зр╕Щр╕кр╣Ир╕зр╕Щр╕лр╕Щр╕╢р╣Ир╕Зр╕Бр╕▒р╕Ър╕Юр╕зр╕Бр╣Ар╕гр╕▓ р╣Гр╕Щр╣Вр╕гр╕Зр╕ер╕░р╕Др╕г CITU First Meet Gen 11
 р╕Ыр╕гр╕░р╕Бр╕▓р╕ир╕гр╕▒р╕Ър╕кр╕бр╕▒р╕Др╕гр╕кр╕Хр╕▓р╕Я CITU First Meet 2024 р╕Чр╕▒р╣Йр╕Зр╕лр╕бр╕Ф 7 р╕Эр╣Ир╕▓р╕в 

 р╕кр╕Зр╕зр╕Щр╕кр╕┤р╕Чр╕Шр╕┤р╣Мр╣Ар╕Йр╕Юр╕▓р╕░р╕Щр╕▒р╕Бр╕ир╕╢р╕Бр╕йр╕▓р╕зр╕┤р╕Чр╕вр╕▓р╕ер╕▒р╕вр╕Щр╕зр╕▒р╕Хр╕Бр╕гр╕гр╕бр╕Кр╕▒р╣Йр╕Щр╕Ыр╕╡р╕Чр╕╡р╣И2-4 р╣Ар╕Чр╣Ир╕▓р╕Щр╕▒р╣Йр╕Щ р╕Бр╕Фlinkр╣Др╕Фр╣Йр╣Ар╕ер╕в https://docs.google.com/forms/d/e/1FAIpQLSe4AQut42i7o3NYREd_9VHLwKdvjwfd0a8MMYqNqQ7Qqob2MQ/viewformтАж

#CITUSC
#CITUTU #TU
#р╕Щр╕зр╕▒р╕Хр╕бр╕Ш #р╕Щр╕зр╕▒р╕Хр╕Бр╕гр╕гр╕бр╕Шр╕гр╕гр╕бр╕ир╕▓р╕кр╕Хр╕гр╣М",2024-06-09 09:22:50,2025-05-15 08:01:48,2024,6,9
р╕зр╕┤р╕Чр╕вр╕▓р╕ер╕▒р╕вр╕Щр╕зр╕▒р╕Хр╕Бр╕гр╕гр╕б,#CITUSC,@citu_sc,"TU Greats App р╕Хр╕▒р╕зр╕Кр╣Ир╕зр╕вр╕кр╕│р╕лр╕гр╕▒р╕Ър╕Кр╕▓р╕зр╕бр╕Ш.
р╣Ар╕Юр╕╖р╣Ир╕нр╕Щр╣Гр╕лр╕бр╣И TU90 р╕Бр╣Зр╕кр╕▓р╕бр╕▓р╕гр╕ЦDownload р╣Др╕Фр╣Й

-р╕гр╕╣р╣Йр╕Чр╕▒р╕Щр╕Чр╕╕р╕БEvent р╣Бр╕Ир╣Йр╕Зр╣Ар╕Хр╕╖р╕нр╕Щр╕Чр╕╕р╕Бр╕Бр╕┤р╕Ир╕Бр╕гр╕гр╕б 
-р╕Фр╕╣р╕лр╣Йр╕нр╕З р╕Фр╕╣р╕Хр╕▓р╕гр╕▓р╕Зр╣Ар╕гр╕╡р╕вр╕Щ р╕Щр╕▒р╕Фр╕нр╕▓р╕Ир╕▓р╕гр╕вр╣М р╣Вр╕лр╕ер╕Фр╕Кр╕╡р╕Ч р╕Фр╕╣р╣Ар╕Бр╕гр╕Фр╣Др╕Фр╣Йр╕нр╕вр╣Ир╕▓р╕Зр╕гр╕зр╕Фр╣Ар╕гр╣Зр╕з
-р╕кр╣Бр╕Бр╕Щр╕Ир╣Ир╕▓р╕вр╕Др╣Ир╕▓р╣Ар╕ер╣Ир╕▓р╣Ар╕гр╕╡р╕вр╕Щ

р╕нр╕вр╣Ир╕▓р╕ер╕╖р╕б Download р╕Бр╕▒р╕Щр╕Щр╣Йр╕▓р╕▓

#CITUSC
#CITUTU #TU
#р╕Щр╕зр╕▒р╕Хр╕бр╕Ш #р╕Щр╕зр╕▒р╕Хр╕Бр╕гр╕гр╕бр╕Шр╕гр╕гр╕бр╕ир╕▓р╕кр╕Хр╕гр╣М",2024-06-06 12:29:10,2025-05-15 08:01:48,2024,6,6
р╕зр╕┤р╕Чр╕вр╕▓р╕ер╕▒р╕вр╕Щр╕зр╕▒р╕Хр╕Бр╕гр╕гр╕б,#CITUSC,@citu_sc,"р╣Др╕Вр╕Вр╣Йр╕нр╕кр╕Зр╕кр╕▒р╕вр╕Бр╕▒р╕Ър╕Др╕│р╕Цр╕▓р╕бр╕Чр╕╡р╣Ир╕Юр╕Ър╕Ър╣Ир╕нр╕вр╕Кр╣Ир╕зр╕Зр╕Вр╕╢р╣Йр╕Щр╕Чр╕░р╣Ар╕Ър╕╡р╕вр╕Щр╣Ар╕Ыр╣Зр╕Щр╕Щр╕▒р╕Бр╕ир╕╢р╕Бр╕йр╕▓р╣Гр╕лр╕бр╣И

#CITUSC
#CITUTU #TU
#р╕Щр╕зр╕▒р╕Хр╕бр╕Ш #р╕Щр╕зр╕▒р╕Хр╕Бр╕гр╕гр╕бр╕Шр╕гр╕гр╕бр╕ир╕▓р╕кр╕Хр╕гр╣М #BSITU #DXTU #BMCITU #BSI #DX #BMCI
#р╕Чр╕╡р╕бр╕бр╕Ш",2024-06-06 10:44:54,2025-05-15 08:01:49,2024,6,6
р╕зр╕┤р╕Чр╕вр╕▓р╕ер╕▒р╕вр╕Щр╕зр╕▒р╕Хр╕Бр╕гр╕гр╕б,#CITUSC,@citu_sc,"5р╕Вр╕▒р╣Йр╕Щр╕Хр╕нр╕Щр╕Бр╕▓р╕гр╕Вр╕╢р╣Йр╕Щр╕Чр╕░р╣Ар╕Ър╕╡р╕вр╕Щр╕Щр╕▒р╕Бр╕ир╕╢р╕Бр╕йр╕▓р╣Гр╕лр╕бр╣И р╕Ыр╕╡р╕Бр╕▓р╕гр╕ир╕╢р╕Бр╕йр╕▓2567

р╕лр╕▓р╕Бр╕Чр╕│р╕Др╕гр╕Ъ 5р╕Вр╕▒р╣Йр╕Щр╕Хр╕нр╕Щр╕Щр╕╡р╣Йр╕Ир╕╢р╕Зр╕Ир╕░р╕Цр╕╖р╕нр╕зр╣Ир╕▓р╕Бр╕▓р╕гр╕Вр╕╢р╣Йр╕Щр╕Чр╕░р╣Ар╕Ър╕╡р╕вр╕Щр╣Ар╕Ыр╣Зр╕Щр╕Щр╕▒р╕Бр╕ир╕╢р╕Бр╕йр╕▓р╕Вр╕нр╕Зр╕бр╕лр╕▓р╕зр╕┤р╕Чр╕вр╕▓р╕ер╕▒р╕вр╕Шр╕гр╕гр╕бр╕ир╕▓р╕кр╕Хр╕гр╣Мр╣Ар╕кр╕гр╣Зр╕Ир╕кр╕бр╕Ър╕╣р╕гр╕Ур╣М

р╣Бр╕ер╣Йр╕зр╣Ар╕Ир╕нр╕Бр╕▒р╕Щр╣Ар╕Ыр╕┤р╕Фр╣Ар╕Чр╕нр╕бр╕Ыр╕╡р╕Бр╕▓р╕гр╕ир╕╢р╕Бр╕йр╕▓ 2567

#CITUSC
#CITUTU #TU
#р╕Щр╕зр╕▒р╕Хр╕бр╕Ш #р╕Щр╕зр╕▒р╕Хр╕Бр╕гр╕гр╕бр╕Шр╕гр╕гр╕бр╕ир╕▓р╕кр╕Хр╕гр╣М #BSITU #DXTU #BMCITU #BSI #DX #BMCI
#р╕Чр╕╡р╕бр╕бр╕Ш",2024-06-05 12:27:58,2025-05-15 08:01:49,2024,6,5
р╕зр╕┤р╕Чр╕вр╕▓р╕ер╕▒р╕вр╕Щр╕зр╕▒р╕Хр╕Бр╕гр╕гр╕б,#CITUTU,@citu_sc,"р╕бр╕▓р╕гр╣Ир╕зр╕бр╣Ар╕Ыр╣Зр╕Щр╕кр╣Ир╕зр╕Щр╕лр╕Щр╕╢р╣Ир╕Зр╕Бр╕▒р╕Ър╕Юр╕зр╕Бр╣Ар╕гр╕▓ р╣Гр╕Щр╣Вр╕гр╕Зр╕ер╕░р╕Др╕г CITU First Meet Gen 11
 р╕Ыр╕гр╕░р╕Бр╕▓р╕ир╕гр╕▒р╕Ър╕кр╕бр╕▒р╕Др╕гр╕кр╕Хр╕▓р╕Я CITU First Meet 2024 р╕Чр╕▒р╣Йр╕Зр╕лр╕бр╕Ф 7 р╕Эр╣Ир╕▓р╕в 

 р╕кр╕Зр╕зр╕Щр╕кр╕┤р╕Чр╕Шр╕┤р╣Мр╣Ар╕Йр╕Юр╕▓р╕░р╕Щр╕▒р╕Бр╕ир╕╢р╕Бр╕йр╕▓р╕зр╕┤р╕Чр╕вр╕▓р╕ер╕▒р╕вр╕Щр╕зр╕▒р╕Хр╕Бр╕гр╕гр╕бр╕Кр╕▒р╣Йр╕Щр╕Ыр╕╡р╕Чр╕╡р╣И2-4 р╣Ар╕Чр╣Ир╕▓р╕Щр╕▒р╣Йр╕Щ р╕Бр╕Фlinkр╣Др╕Фр╣Йр╣Ар╕ер╕в https://docs.google.com/forms/d/e/1FAIpQLSe4AQut42i7o3NYREd_9VHLwKdvjwfd0a8MMYqNqQ7Qqob2MQ/viewformтАж

#CITUSC
#CITUTU #TU
#р╕Щр╕зр╕▒р╕Хр╕бр╕Ш #р╕Щр╕зр╕▒р╕Хр╕Бр╕гр╕гр╕бр╕Шр╕гр╕гр╕бр╕ир╕▓р╕кр╕Хр╕гр╣М",2024-06-09 09:22:50,2025-05-15 08:03:42,2024,6,9
р╕зр╕┤р╕Чр╕вр╕▓р╕ер╕▒р╕вр╕Щр╕зр╕▒р╕Хр╕Бр╕гр╕гр╕б,#CITUTU,@citu_sc,"TU Greats App р╕Хр╕▒р╕зр╕Кр╣Ир╕зр╕вр╕кр╕│р╕лр╕гр╕▒р╕Ър╕Кр╕▓р╕зр╕бр╕Ш.
р╣Ар╕Юр╕╖р╣Ир╕нр╕Щр╣Гр╕лр╕бр╣И TU90 р╕Бр╣Зр╕кр╕▓р╕бр╕▓р╕гр╕ЦDownload р╣Др╕Фр╣Й

-р╕гр╕╣р╣Йр╕Чр╕▒р╕Щр╕Чр╕╕р╕БEvent р╣Бр╕Ир╣Йр╕Зр╣Ар╕Хр╕╖р╕нр╕Щр╕Чр╕╕р╕Бр╕Бр╕┤р╕Ир╕Бр╕гр╕гр╕б 
-р╕Фр╕╣р╕лр╣Йр╕нр╕З р╕Фр╕╣р╕Хр╕▓р╕гр╕▓р╕Зр╣Ар╕гр╕╡р╕вр╕Щ р╕Щр╕▒р╕Фр╕нр╕▓р╕Ир╕▓р╕гр╕вр╣М р╣Вр╕лр╕ер╕Фр╕Кр╕╡р╕Ч р╕Фр╕╣р╣Ар╕Бр╕гр╕Фр╣Др╕Фр╣Йр╕нр╕вр╣Ир╕▓р╕Зр╕гр╕зр╕Фр╣Ар╕гр╣Зр╕з
-р╕кр╣Бр╕Бр╕Щр╕Ир╣Ир╕▓р╕вр╕Др╣Ир╕▓р╣Ар╕ер╣Ир╕▓р╣Ар╕гр╕╡р╕вр╕Щ

р╕нр╕вр╣Ир╕▓р╕ер╕╖р╕б Download р╕Бр╕▒р╕Щр╕Щр╣Йр╕▓р╕▓

#CITUSC
#CITUTU #TU
#р╕Щр╕зр╕▒р╕Хр╕бр╕Ш #р╕Щр╕зр╕▒р╕Хр╕Бр╕гр╕гр╕бр╕Шр╕гр╕гр╕бр╕ир╕▓р╕кр╕Хр╕гр╣М",2024-06-06 12:29:10,2025-05-15 08:03:42,2024,6,6
р╕зр╕┤р╕Чр╕вр╕▓р╕ер╕▒р╕вр╕Щр╕зр╕▒р╕Хр╕Бр╕гр╕гр╕б,#CITUTU,@citu_sc,"р╣Др╕Вр╕Вр╣Йр╕нр╕кр╕Зр╕кр╕▒р╕вр╕Бр╕▒р╕Ър╕Др╕│р╕Цр╕▓р╕бр╕Чр╕╡р╣Ир╕Юр╕Ър╕Ър╣Ир╕нр╕вр╕Кр╣Ир╕зр╕Зр╕Вр╕╢р╣Йр╕Щр╕Чр╕░р╣Ар╕Ър╕╡р╕вр╕Щр╣Ар╕Ыр╣Зр╕Щр╕Щр╕▒р╕Бр╕ир╕╢р╕Бр╕йр╕▓р╣Гр╕лр╕бр╣И

#CITUSC
#CITUTU #TU
#р╕Щр╕зр╕▒р╕Хр╕бр╕Ш #р╕Щр╕зр╕▒р╕Хр╕Бр╕гр╕гр╕бр╕Шр╕гр╕гр╕бр╕ир╕▓р╕кр╕Хр╕гр╣М #BSITU #DXTU #BMCITU #BSI #DX #BMCI
#р╕Чр╕╡р╕бр╕бр╕Ш",2024-06-06 10:44:54,2025-05-15 08:03:42,2024,6,6
р╕зр╕┤р╕Чр╕вр╕▓р╕ер╕▒р╕вр╕Щр╕зр╕▒р╕Хр╕Бр╕гр╕гр╕б,#CITUTU,@citu_sc,"5р╕Вр╕▒р╣Йр╕Щр╕Хр╕нр╕Щр╕Бр╕▓р╕гр╕Вр╕╢р╣Йр╕Щр╕Чр╕░р╣Ар╕Ър╕╡р╕вр╕Щр╕Щр╕▒р╕Бр╕ир╕╢р╕Бр╕йр╕▓р╣Гр╕лр╕бр╣И р╕Ыр╕╡р╕Бр╕▓р╕гр╕ир╕╢р╕Бр╕йр╕▓2567

р╕лр╕▓р╕Бр╕Чр╕│р╕Др╕гр╕Ъ 5р╕Вр╕▒р╣Йр╕Щр╕Хр╕нр╕Щр╕Щр╕╡р╣Йр╕Ир╕╢р╕Зр╕Ир╕░р╕Цр╕╖р╕нр╕зр╣Ир╕▓р╕Бр╕▓р╕гр╕Вр╕╢р╣Йр╕Щр╕Чр╕░р╣Ар╕Ър╕╡р╕вр╕Щр╣Ар╕Ыр╣Зр╕Щр╕Щр╕▒р╕Бр╕ир╕╢р╕Бр╕йр╕▓р╕Вр╕нр╕Зр╕бр╕лр╕▓р╕зр╕┤р╕Чр╕вр╕▓р╕ер╕▒р╕вр╕Шр╕гр╕гр╕бр╕ир╕▓р╕кр╕Хр╕гр╣Мр╣Ар╕кр╕гр╣Зр╕Ир╕кр╕бр╕Ър╕╣р╕гр╕Ур╣М

р╣Бр╕ер╣Йр╕зр╣Ар╕Ир╕нр╕Бр╕▒р╕Щр╣Ар╕Ыр╕┤р╕Фр╣Ар╕Чр╕нр╕бр╕Ыр╕╡р╕Бр╕▓р╕гр╕ир╕╢р╕Бр╕йр╕▓ 2567

#CITUSC
#CITUTU #TU
#р╕Щр╕зр╕▒р╕Хр╕бр╕Ш #р╕Щр╕зр╕▒р╕Хр╕Бр╕гр╕гр╕бр╕Шр╕гр╕гр╕бр╕ир╕▓р╕кр╕Хр╕гр╣М #BSITU #DXTU #BMCITU #BSI #DX #BMCI
#р╕Чр╕╡р╕бр╕бр╕Ш",2024-06-05 12:27:58,2025-05-15 08:03:42,2024,6,5
р╕зр╕┤р╕Чр╕вр╕▓р╕ер╕▒р╕вр╕Щр╕зр╕▒р╕Хр╕Бр╕гр╕гр╕б,#CITUTU,@citu_sc,"TU90
р╕зр╕▒р╕Щр╕Вр╕╢р╣Йр╕Щр╕Чр╕░р╣Ар╕Ър╕╡р╕вр╕Щр╣Ар╕Ыр╣Зр╕Щр╕Щр╕▒р╕Бр╕ир╕╢р╕Бр╕йр╕▓р╣Гр╕лр╕бр╣И р╕Ыр╕╡р╕Бр╕▓р╕гр╕ир╕╢р╕Бр╕йр╕▓ 2567 

р╣Вр╕Ыр╕гр╕Фр╕Хр╕гр╕зр╕Ир╕кр╕нр╕Ър╣Ар╕ер╕Вр╕Чр╕░р╣Ар╕Ър╕╡р╕вр╕Щр╕Щр╕▒р╕Бр╕ир╕╢р╕Бр╕йр╕▓р╣Гр╕лр╣Йр╕Хр╕гр╕Зр╕Бр╕▒р╕Ър╕зр╕▒р╕Щр╕Чр╕╡р╣Ир╕Вр╕╢р╣Йр╕Щр╕Чр╕░р╣Ар╕Ър╕╡р╕вр╕Щ р╕лр╕▓р╕Бр╕вр╕▒р╕Зр╣Др╕бр╣Ир╕Цр╕╢р╕Зр╕Кр╣Ир╕зр╕Зр╕Бр╕▓р╕гр╕Вр╕╢р╣Йр╕Щр╕Чр╕░р╣Ар╕Ър╕╡р╕вр╕Щр╕Щр╕▒р╕Бр╕ир╕╢р╕Бр╣Гр╕лр╕бр╣Ир╕Хр╕▓р╕бр╕гр╕нр╕Ъ TCAS р╕Вр╕нр╕Зр╕Хр╕Щр╕Ир╕░р╕Хр╕гр╕зр╕Ир╕кр╕нр╕Ър╣Др╕бр╣Ир╕Юр╕Ър╣Ар╕ер╕Вр╕Чр╕░р╣Ар╕Ър╕╡р╕вр╕Щр╕Щр╕▒р╕Бр╕ир╕╢р╕Бр╕йр╕▓

#CITUTU #TU
#р╕Щр╕зр╕▒р╕Хр╕бр╕Ш",2024-06-05 10:48:35,2025-05-15 08:03:42,2024,6,5
р╕зр╕┤р╕Чр╕вр╕▓р╕ер╕▒р╕вр╕Щр╕зр╕▒р╕Хр╕Бр╕гр╕гр╕б,#InnovationTU,@brock_lory23169,Rammdex believes RAMM is not merely an upgrade; it's a pivotal step shaping the long-term future of the crypto market  #Rammdex #RAMM #CryptoFuture #InnovationTс╗л 2,2024-01-18 17:49:08,2025-05-15 08:03:46,2024,1,18
р╕зр╕┤р╕Чр╕вр╕▓р╕ер╕▒р╕вр╕Щр╕зр╕▒р╕Хр╕Бр╕гр╕гр╕б,#InnovationTU,@scott_warr13054,"#RammDex is paving the way to the crypto future! More than an upgrade, it's a pivotal step towards reshaping the market  #CryptoFuture #InnovationTс╗л 2",2024-01-18 09:49:00,2025-05-15 08:03:46,2024,1,18
р╕зр╕┤р╕Чр╕вр╕▓р╕ер╕▒р╕вр╕Щр╕зр╕▒р╕Хр╕Бр╕гр╕гр╕б,#InnovationTU,@JosefinaOl4533,"#RammDex is paving the way to the crypto future! More than an upgrade, it's a pivotal step towards reshaping the market  #CryptoFuture #InnovationTс╗л 2",2024-01-18 06:02:52,2025-05-15 08:03:46,2024,1,18
р╕зр╕┤р╕Чр╕вр╕▓р╕ер╕▒р╕вр╕Щр╕зр╕▒р╕Хр╕Бр╕гр╕гр╕б,#InnovationTU,@JaniceFost26681,#Rammdex #RAMM #CryptoFuture #InnovationTс╗л 1,2024-01-18 04:45:03,2025-05-15 08:03:46,2024,1,18
р╕зр╕┤р╕Чр╕вр╕▓р╕ер╕▒р╕вр╕Щр╕зр╕▒р╕Хр╕Бр╕гр╕гр╕б,#InnovationTU,@WalkerMuri54917,#CryptoFuture #InnovationTс╗л 5,2024-01-17 11:03:58,2025-05-15 08:03:46,2024,1,17
р╕зр╕┤р╕Чр╕вр╕▓р╕ер╕▒р╕вр╕Щр╕зр╕▒р╕Хр╕Бр╕гр╕гр╕б,#InnovationTU,@CITU_Thammasat,"р╕зр╕┤р╕Чр╕вр╕▓р╕ер╕▒р╕вр╕Щр╕зр╕▒р╕Хр╕Бр╕гр╕гр╕бр╕Ир╕░р╕гр╕▒р╕Ър╣Ар╕Юр╕╖р╣Ир╕нр╕Щр╣Гр╕лр╕бр╣Ир╣Ар╕кр╕▓р╕гр╣М 16 р╕к.р╕Д р╕Щр╕╡р╣Й
р╕вр╕┤р╕Щр╕Фр╕╡р╕Хр╣Йр╕нр╕Щр╕гр╕▒р╕Ър╕кр╕▓р╕вр╣Ар╕ер╕╖р╕нр╕Фр╣Гр╕лр╕бр╣Ир╕Щр╕зр╕▒р╕Хр╕Бр╕гр╕гр╕б р╕ер╕╣р╕Бр╣Бр╕бр╣Ир╣Вр╕Фр╕бр╕Чр╕╕р╕Бр╕Др╕Щр╕Др╣Ир╕░ ^^ #innovationTU",2014-08-14 09:27:55,2025-05-15 08:03:47,2014,8,14
р╕зр╕┤р╕Чр╕вр╕▓р╕ер╕▒р╕вр╕Щр╕зр╕▒р╕Хр╕Бр╕гр╕гр╕б,#р╕Щр╕зр╕▒р╕Хр╕Бр╕гр╕гр╕бр╕Шр╕гр╕гр╕бр╕ир╕▓р╕кр╕Хр╕гр╣М,@citu_sc,"р╕бр╕▓р╕гр╣Ир╕зр╕бр╣Ар╕Ыр╣Зр╕Щр╕кр╣Ир╕зр╕Щр╕лр╕Щр╕╢р╣Ир╕Зр╕Бр╕▒р╕Ър╕Юр╕зр╕Бр╣Ар╕гр╕▓ р╣Гр╕Щр╣Вр╕гр╕Зр╕ер╕░р╕Др╕г CITU First Meet Gen 11
 р╕Ыр╕гр╕░р╕Бр╕▓р╕ир╕гр╕▒р╕Ър╕кр╕бр╕▒р╕Др╕гр╕кр╕Хр╕▓р╕Я CITU First Meet 2024 р╕Чр╕▒р╣Йр╕Зр╕лр╕бр╕Ф 7 р╕Эр╣Ир╕▓р╕в 

 р╕кр╕Зр╕зр╕Щр╕кр╕┤р╕Чр╕Шр╕┤р╣Мр╣Ар╕Йр╕Юр╕▓р╕░р╕Щр╕▒р╕Бр╕ир╕╢р╕Бр╕йр╕▓р╕зр╕┤р╕Чр╕вр╕▓р╕ер╕▒р╕вр╕Щр╕зр╕▒р╕Хр╕Бр╕гр╕гр╕бр╕Кр╕▒р╣Йр╕Щр╕Ыр╕╡р╕Чр╕╡р╣И2-4 р╣Ар╕Чр╣Ир╕▓р╕Щр╕▒р╣Йр╕Щ р╕Бр╕Фlinkр╣Др╕Фр╣Йр╣Ар╕ер╕в https://docs.google.com/forms/d/e/1FAIpQLSe4AQut42i7o3NYREd_9VHLwKdvjwfd0a8MMYqNqQ7Qqob2MQ/viewformтАж

#CITUSC
#CITUTU #TU
#р╕Щр╕зр╕▒р╕Хр╕бр╕Ш #р╕Щр╕зр╕▒р╕Хр╕Бр╕гр╕гр╕бр╕Шр╕гр╕гр╕бр╕ир╕▓р╕кр╕Хр╕гр╣М",2024-06-09 09:22:50,2025-05-15 08:03:52,2024,6,9
р╕зр╕┤р╕Чр╕вр╕▓р╕ер╕▒р╕вр╕Щр╕зр╕▒р╕Хр╕Бр╕гр╕гр╕б,#р╕Щр╕зр╕▒р╕Хр╕Бр╕гр╕гр╕бр╕Шр╕гр╕гр╕бр╕ир╕▓р╕кр╕Хр╕гр╣М,@citu_sc,"TU Greats App р╕Хр╕▒р╕зр╕Кр╣Ир╕зр╕вр╕кр╕│р╕лр╕гр╕▒р╕Ър╕Кр╕▓р╕зр╕бр╕Ш.
р╣Ар╕Юр╕╖р╣Ир╕нр╕Щр╣Гр╕лр╕бр╣И TU90 р╕Бр╣Зр╕кр╕▓р╕бр╕▓р╕гр╕ЦDownload р╣Др╕Фр╣Й

-р╕гр╕╣р╣Йр╕Чр╕▒р╕Щр╕Чр╕╕р╕БEvent р╣Бр╕Ир╣Йр╕Зр╣Ар╕Хр╕╖р╕нр╕Щр╕Чр╕╕р╕Бр╕Бр╕┤р╕Ир╕Бр╕гр╕гр╕б 
-р╕Фр╕╣р╕лр╣Йр╕нр╕З р╕Фр╕╣р╕Хр╕▓р╕гр╕▓р╕Зр╣Ар╕гр╕╡р╕вр╕Щ р╕Щр╕▒р╕Фр╕нр╕▓р╕Ир╕▓р╕гр╕вр╣М р╣Вр╕лр╕ер╕Фр╕Кр╕╡р╕Ч р╕Фр╕╣р╣Ар╕Бр╕гр╕Фр╣Др╕Фр╣Йр╕нр╕вр╣Ир╕▓р╕Зр╕гр╕зр╕Фр╣Ар╕гр╣Зр╕з
-р╕кр╣Бр╕Бр╕Щр╕Ир╣Ир╕▓р╕вр╕Др╣Ир╕▓р╣Ар╕ер╣Ир╕▓р╣Ар╕гр╕╡р╕вр╕Щ

р╕нр╕вр╣Ир╕▓р╕ер╕╖р╕б Download р╕Бр╕▒р╕Щр╕Щр╣Йр╕▓р╕▓

#CITUSC
#CITUTU #TU
#р╕Щр╕зр╕▒р╕Хр╕бр╕Ш #р╕Щр╕зр╕▒р╕Хр╕Бр╕гр╕гр╕бр╕Шр╕гр╕гр╕бр╕ир╕▓р╕кр╕Хр╕гр╣М",2024-06-06 12:29:10,2025-05-15 08:03:52,2024,6,6
р╕зр╕┤р╕Чр╕вр╕▓р╕ер╕▒р╕вр╕Щр╕зр╕▒р╕Хр╕Бр╕гр╕гр╕б,#р╕Щр╕зр╕▒р╕Хр╕Бр╕гр╕гр╕бр╕Шр╕гр╕гр╕бр╕ир╕▓р╕кр╕Хр╕гр╣М,@citu_sc,"р╣Др╕Вр╕Вр╣Йр╕нр╕кр╕Зр╕кр╕▒р╕вр╕Бр╕▒р╕Ър╕Др╕│р╕Цр╕▓р╕бр╕Чр╕╡р╣Ир╕Юр╕Ър╕Ър╣Ир╕нр╕вр╕Кр╣Ир╕зр╕Зр╕Вр╕╢р╣Йр╕Щр╕Чр╕░р╣Ар╕Ър╕╡р╕вр╕Щр╣Ар╕Ыр╣Зр╕Щр╕Щр╕▒р╕Бр╕ир╕╢р╕Бр╕йр╕▓р╣Гр╕лр╕бр╣И

#CITUSC
#CITUTU #TU
#р╕Щр╕зр╕▒р╕Хр╕бр╕Ш #р╕Щр╕зр╕▒р╕Хр╕Бр╕гр╕гр╕бр╕Шр╕гр╕гр╕бр╕ир╕▓р╕кр╕Хр╕гр╣М #BSITU #DXTU #BMCITU #BSI #DX #BMCI
#р╕Чр╕╡р╕бр╕бр╕Ш",2024-06-06 10:44:54,2025-05-15 08:03:52,2024,6,6
р╕зр╕┤р╕Чр╕вр╕▓р╕ер╕▒р╕вр╕Щр╕зр╕▒р╕Хр╕Бр╕гр╕гр╕б,#р╕Щр╕зр╕▒р╕Хр╕Бр╕гр╕гр╕бр╕Шр╕гр╕гр╕бр╕ир╕▓р╕кр╕Хр╕гр╣М,@citu_sc,"5р╕Вр╕▒р╣Йр╕Щр╕Хр╕нр╕Щр╕Бр╕▓р╕гр╕Вр╕╢р╣Йр╕Щр╕Чр╕░р╣Ар╕Ър╕╡р╕вр╕Щр╕Щр╕▒р╕Бр╕ир╕╢р╕Бр╕йр╕▓р╣Гр╕лр╕бр╣И р╕Ыр╕╡р╕Бр╕▓р╕гр╕ир╕╢р╕Бр╕йр╕▓2567

р╕лр╕▓р╕Бр╕Чр╕│р╕Др╕гр╕Ъ 5р╕Вр╕▒р╣Йр╕Щр╕Хр╕нр╕Щр╕Щр╕╡р╣Йр╕Ир╕╢р╕Зр╕Ир╕░р╕Цр╕╖р╕нр╕зр╣Ир╕▓р╕Бр╕▓р╕гр╕Вр╕╢р╣Йр╕Щр╕Чр╕░р╣Ар╕Ър╕╡р╕вр╕Щр╣Ар╕Ыр╣Зр╕Щр╕Щр╕▒р╕Бр╕ир╕╢р╕Бр╕йр╕▓р╕Вр╕нр╕Зр╕бр╕лр╕▓р╕зр╕┤р╕Чр╕вр╕▓р╕ер╕▒р╕вр╕Шр╕гр╕гр╕бр╕ир╕▓р╕кр╕Хр╕гр╣Мр╣Ар╕кр╕гр╣Зр╕Ир╕кр╕бр╕Ър╕╣р╕гр╕Ур╣М

р╣Бр╕ер╣Йр╕зр╣Ар╕Ир╕нр╕Бр╕▒р╕Щр╣Ар╕Ыр╕┤р╕Фр╣Ар╕Чр╕нр╕бр╕Ыр╕╡р╕Бр╕▓р╕гр╕ир╕╢р╕Бр╕йр╕▓ 2567

#CITUSC
#CITUTU #TU
#р╕Щр╕зр╕▒р╕Хр╕бр╕Ш #р╕Щр╕зр╕▒р╕Хр╕Бр╕гр╕гр╕бр╕Шр╕гр╕гр╕бр╕ир╕▓р╕кр╕Хр╕гр╣М #BSITU #DXTU #BMCITU #BSI #DX #BMCI
#р╕Чр╕╡р╕бр╕бр╕Ш",2024-06-05 12:27:58,2025-05-15 08:03:53,2024,6,5
р╕зр╕┤р╕Чр╕вр╕▓р╕ер╕▒р╕вр╕Щр╕зр╕▒р╕Хр╕Бр╕гр╕гр╕б,#р╕Щр╕зр╕▒р╕Хр╕Бр╕гр╕гр╕бр╕Шр╕гр╕гр╕бр╕ир╕▓р╕кр╕Хр╕гр╣М,@citu_sc,"Congratulation р╕Щр╣Йр╕нр╕Зр╣Ж #dek67  р╕Ыр╕╡р╕Щр╕╡р╣Йр╕Бр╕▒р╕Щр╕Фр╣Йр╕зр╕вр╕Щр╣Йр╕▓р╕▓ #TU90 
р╣Ар╕Юр╕╖р╣Ир╕нр╕Щр╣Гр╕лр╕бр╣Ир╕Кр╕▓р╕зCITU GEN 11 р╕Чр╕▒р╣Йр╕З 3 р╕кр╕▓р╕Вр╕▓ #BMCI #dX #BSI р╕Чр╕╡р╣Ир╕вр╕▒р╕Зр╣Др╕бр╣Ир╣Др╕Фр╣Йр╣Ар╕Вр╣Йр╕▓р╕Бр╕ер╕╕р╣Ир╕бр╣Др╕ер╕Щр╣М р╕нр╕вр╣Ир╕▓р╕ер╕╖р╕бр╕кр╣Бр╕Бр╕Щр╣Ар╕Вр╣Йр╕▓р╣Ар╕Юр╕╖р╣Ир╕нр╕гр╕▒р╕Ър╕Вр╣Йр╕нр╕бр╕╣р╕ер╕Вр╣Ир╕▓р╕зр╕кр╕▓р╕гр╕Чр╕╡р╣Ир╕кр╕│р╕Др╕▒р╕Нр╕Фр╣Йр╕зр╕вр╕Щр╕░р╕Др╕░

#CITUSC
#CITUTU #TU
#р╕Щр╕зр╕▒р╕Хр╕бр╕Ш #р╕Щр╕зр╕▒р╕Хр╕Бр╕гр╕гр╕бр╕Шр╕гр╕гр╕бр╕ир╕▓р╕кр╕Хр╕гр╣М #BSITU #DXTU #BMCITU #BSI #DX #BMCI",2024-06-03 11:28:11,2025-05-15 08:03:53,2024,6,3
